-- MySQL dump 10.13  Distrib 8.0.41, for Win64 (x86_64)
--
-- Host: localhost    Database: projectdb
-- ------------------------------------------------------
-- Server version	8.0.41

/*!40101 SET @OLD_CHARACTER_SET_CLIENT=@@CHARACTER_SET_CLIENT */;
/*!40101 SET @OLD_CHARACTER_SET_RESULTS=@@CHARACTER_SET_RESULTS */;
/*!40101 SET @OLD_COLLATION_CONNECTION=@@COLLATION_CONNECTION */;
/*!50503 SET NAMES utf8 */;
/*!40103 SET @OLD_TIME_ZONE=@@TIME_ZONE */;
/*!40103 SET TIME_ZONE='+00:00' */;
/*!40014 SET @OLD_UNIQUE_CHECKS=@@UNIQUE_CHECKS, UNIQUE_CHECKS=0 */;
/*!40014 SET @OLD_FOREIGN_KEY_CHECKS=@@FOREIGN_KEY_CHECKS, FOREIGN_KEY_CHECKS=0 */;
/*!40101 SET @OLD_SQL_MODE=@@SQL_MODE, SQL_MODE='NO_AUTO_VALUE_ON_ZERO' */;
/*!40111 SET @OLD_SQL_NOTES=@@SQL_NOTES, SQL_NOTES=0 */;

--
-- Table structure for table `block`
--

DROP TABLE IF EXISTS `block`;
/*!40101 SET @saved_cs_client     = @@character_set_client */;
/*!50503 SET character_set_client = utf8mb4 */;
CREATE TABLE `block` (
  `id` int NOT NULL AUTO_INCREMENT,
  `name` varchar(100) NOT NULL,
  `district_id` int DEFAULT NULL,
  PRIMARY KEY (`id`),
  KEY `district_id` (`district_id`),
  CONSTRAINT `block_ibfk_1` FOREIGN KEY (`district_id`) REFERENCES `district` (`id`) ON DELETE CASCADE
) ENGINE=InnoDB AUTO_INCREMENT=186 DEFAULT CHARSET=utf8mb4 COLLATE=utf8mb4_0900_ai_ci;
/*!40101 SET character_set_client = @saved_cs_client */;

--
-- Dumping data for table `block`
--

LOCK TABLES `block` WRITE;
/*!40000 ALTER TABLE `block` DISABLE KEYS */;
INSERT INTO `block` VALUES (1,'Arwal',1),(2,'Kaler',1),(3,'Karpi',1),(4,'Kurtha',1),(5,'Sonbhadra Banshi Suryapur',1),(6,'Amarpur',3),(7,'Banka',3),(8,'Barahat',3),(9,'Belhar',3),(10,'Bounsi',3),(11,'Chandan',3),(12,'Dhoraiya',3),(13,'Fullidumer',3),(14,'Katoriya',3),(15,'Rajoun',3),(16,'Sambhuganj',3),(17,'Goradih',4),(18,'Jagdishpur',4),(19,'Nathnagar',4),(20,'Sabour',4),(21,'Shahkund',4),(22,'Sultanganj',4),(23,'Kahalgaon',4),(24,'Pirpainty',4),(25,'Sanhaula',4),(26,'Bihpur',4),(27,'Gopalpur',4),(28,'Ismailpur',4),(29,'Kharik',4),(30,'Narayanpur',4),(31,'Naugachhia',4),(32,'Rangrachowk',4),(33,'Aurangabad',2),(34,'Barun',2),(35,'Navinagar',2),(36,'Kutumba',2),(37,'Madanpur',2),(38,'Deo',2),(39,'Rafiganj',2),(40,'Obra',2),(41,'Daudnagar',2),(42,'Goh',2),(43,'Haspura',2),(44,'Buxar',5),(45,'Itarhi',5),(46,'Chausa',5),(47,'Rajpur',5),(48,'Dumraon',5),(49,'Nawanagar',5),(50,'Brahanpur',5),(51,'Kesath',5),(52,'Chakki',5),(53,'Chougain',5),(54,'Simri',5),(55,'Gaya Sadar',6),(56,'Belaganj',6),(57,'Wazirganj',6),(58,'Manpur',6),(59,'Bodhgaya',6),(60,'Tankuppa',6),(61,'Fatehpur',6),(62,'Konch',6),(63,'Tekari',6),(64,'Guraru',6),(65,'Paraiya',6),(66,'Khizarsarai',6),(67,'Atri',6),(68,'Neemchak Bathani',6),(69,'Mohri',6),(70,'Gurua',6),(71,'Amas',6),(72,'Banke Bazar',6),(73,'Imamganj',6),(74,'Dumariya',6),(75,'Barhat',7),(76,'Chakai',7),(77,'Gidhor',7),(78,'Islamnagar Aliganj',7),(79,'Jamui',7),(80,'Jhajha',7),(81,'Kharia',7),(82,'Laxmipur',7),(83,'Sikandra',7),(84,'Sono',7),(85,'Jehanabad',8),(86,'Makhdumpur',8),(87,'Ghosi',8),(88,'hulasganj',8),(89,'Ratni Faridpur',8),(90,'Modanganj',8),(91,'Kako',8),(92,'Lakhisarai',10),(93,'Barahiya',10),(94,'Halsi',10),(95,'Ramgarh Chowk',10),(96,'Surajgarha',10),(97,'Pipariya',10),(98,'Munger Sadar',11),(99,'Bariarpur',11),(100,'Dharhara',11),(101,'Jamalpur',11),(102,'Kharagpur',11),(103,'Tarapur',11),(104,'Tetiya Bamber',11),(105,'Bihar Sharif',12),(106,'Ben',12),(107,'Asthawan',12),(108,'Bind',12),(109,'Chandi',12),(110,'Ekangarsarai',12),(111,'Giriyak',12),(112,'Harnaut',12),(113,'Hilsa',12),(114,'Islampur',12),(115,'Karai Parsurai',12),(116,'Katrisarai',12),(117,'Nagarnausa',12),(118,'Noorsarai',12),(119,'Parwalpur',12),(120,'Rajgir',12),(121,'Sarmera',12),(122,'Silao',12),(123,'Tharthari',12),(124,'Nawada',13),(125,'Akbarpur',13),(126,'Gobindpur',13),(127,'Hisua',13),(128,'Kashichak',13),(129,'Kawakol',13),(130,'Meskaur',13),(131,'Narhat',13),(132,'Pakribarawan',13),(133,'Rajauli',13),(134,'Roh',13),(135,'Sirdala',13),(136,'Warisaliganj',13),(137,'Patna Sadar',14),(138,'Bakhtiarpur',14),(139,'Barh',14),(140,'Bihta',14),(141,'Bikram',14),(142,'Danapur',14),(143,'Dhanarua',14),(144,'Dulhin Bazar',14),(145,'Fatwah',14),(146,'Khusrupur',14),(147,'Maner',14),(148,'Masaurhi',14),(149,'Mokama',14),(150,'Naubatpur',14),(151,'Paliganj',14),(152,'Pandarak',14),(153,'Phulwari Sharif',14),(154,'Sampatchak',14),(155,'Sasaram',15),(156,'Akorhi Gola',15),(157,'Bikramganj',15),(158,'Chenari',15),(159,'Dawath',15),(160,'Dehri',15),(161,'Dinara',15),(162,'Karakat',15),(163,'Kochas',15),(164,'Nasriganj',15),(165,'Nauhatta',15),(166,'Nokha',15),(167,'Rajpur',15),(168,'Rohtas',15),(169,'Sanjhauli',15),(170,'Tilouthu',15),(171,'Sheikhpura',16),(172,'Ariari',16),(173,'Barbigha',16),(174,'Chewara',16),(175,'Ghat Kusumbha',16),(176,'Shekhopur Sarai',16),(177,'Adhaura',9),(178,'Bhabhua',9),(179,'Bhawanpur',9),(180,'Chainpur',9),(181,'Chand',9),(182,'Rampur',9),(183,'Mohania',9),(184,'Kudra',9),(185,'Durgaw',9);
/*!40000 ALTER TABLE `block` ENABLE KEYS */;
UNLOCK TABLES;

--
-- Table structure for table `consumers`
--

DROP TABLE IF EXISTS `consumers`;
/*!40101 SET @saved_cs_client     = @@character_set_client */;
/*!50503 SET character_set_client = utf8mb4 */;
CREATE TABLE `consumers` (
  `consumer_id` varchar(50) DEFAULT NULL,
  `app_id` varchar(50) DEFAULT NULL,
  `consumer_number` varchar(50) NOT NULL,
  `name` varchar(100) DEFAULT NULL,
  `phone_no` varchar(20) DEFAULT NULL,
  `address` text,
  `connection_type` varchar(50) DEFAULT NULL,
  `email` varchar(100) DEFAULT NULL,
  `houseNo` varchar(100) DEFAULT NULL,
  `street` varchar(255) DEFAULT NULL,
  `addressLine2` varchar(100) DEFAULT NULL,
  `addressLine3` varchar(100) DEFAULT NULL,
  `city` varchar(100) DEFAULT NULL,
  `pincode` varchar(10) DEFAULT NULL,
  `district` varchar(100) DEFAULT NULL,
  `block` varchar(100) DEFAULT NULL,
  `panchayat` varchar(100) DEFAULT NULL,
  `village` varchar(100) DEFAULT NULL,
  `division` varchar(100) DEFAULT NULL,
  `subDivision` varchar(100) DEFAULT NULL,
  `section` varchar(100) DEFAULT NULL,
  `tariff` varchar(50) DEFAULT NULL,
  `E_phase` varchar(50) DEFAULT NULL,
  `E_load` varchar(50) DEFAULT NULL,
  `gender` varchar(50) DEFAULT NULL,
  `f_hName` varchar(255) DEFAULT NULL,
  `idProof` varchar(50) DEFAULT NULL,
  `addressProof` varchar(50) DEFAULT NULL,
  `idProofFile` varchar(255) DEFAULT NULL,
  `addressProofFront` varchar(255) DEFAULT NULL,
  `addressProofLast` varchar(255) DEFAULT NULL,
  `photo` varchar(255) DEFAULT NULL,
  `ownershipFirst` varchar(255) DEFAULT NULL,
  `ownershipSecond` varchar(255) DEFAULT NULL,
  `current_stage` varchar(50) DEFAULT NULL,
  `created_at` date DEFAULT NULL,
  `jee_remarks` text,
  `mi_remarks` text,
  `aee_remarks` text,
  `dues_cleared` tinyint(1) DEFAULT '0',
  `documents_verified` tinyint(1) DEFAULT '0',
  `status` varchar(20) DEFAULT NULL,
  PRIMARY KEY (`consumer_number`)
) ENGINE=InnoDB DEFAULT CHARSET=utf8mb4 COLLATE=utf8mb4_0900_ai_ci;
/*!40101 SET character_set_client = @saved_cs_client */;

--
-- Dumping data for table `consumers`
--

LOCK TABLES `consumers` WRITE;
/*!40000 ALTER TABLE `consumers` DISABLE KEYS */;
INSERT INTO `consumers` VALUES ('CNSB7E443','APP1747752177653','CNSMR09143CB6','Rahul Kumar','9988776655','Amarpur',NULL,NULL,NULL,NULL,NULL,NULL,NULL,NULL,NULL,NULL,NULL,NULL,NULL,NULL,NULL,NULL,NULL,NULL,NULL,NULL,NULL,NULL,NULL,NULL,NULL,NULL,NULL,NULL,NULL,'2025-05-22',NULL,NULL,NULL,0,0,NULL),('CNS25713B','APP1746473469441','CNSMR0B7A1AD0','John Doe','7050913685','Patna',NULL,NULL,NULL,NULL,NULL,NULL,NULL,NULL,NULL,NULL,NULL,NULL,NULL,NULL,NULL,NULL,NULL,NULL,NULL,NULL,NULL,NULL,NULL,NULL,NULL,NULL,NULL,NULL,NULL,'2025-05-22',NULL,NULL,NULL,0,0,NULL),('CNS25713B','APP1747684815796','CNSMR440CC3E0','John Doe','7050913685','Amarpur',NULL,NULL,NULL,NULL,NULL,NULL,NULL,NULL,NULL,NULL,NULL,NULL,NULL,NULL,NULL,NULL,NULL,NULL,NULL,NULL,NULL,NULL,NULL,NULL,NULL,NULL,NULL,NULL,NULL,NULL,NULL,NULL,NULL,0,0,NULL),('CNS25713B','APP1746473469441','CNSMR7ACBBB0D','John Doe','7050913685','Patna',NULL,NULL,NULL,NULL,NULL,NULL,NULL,NULL,NULL,NULL,NULL,NULL,NULL,NULL,NULL,NULL,NULL,NULL,NULL,NULL,NULL,NULL,NULL,NULL,NULL,NULL,NULL,NULL,NULL,'2025-05-22',NULL,NULL,NULL,0,0,NULL),('CNS98EE03','APP1746540552318','CNSMR904102B5','Pooja Sharma','9123456789','Amarpur',NULL,NULL,NULL,NULL,NULL,NULL,NULL,NULL,NULL,NULL,NULL,NULL,NULL,NULL,NULL,NULL,NULL,NULL,NULL,NULL,NULL,NULL,NULL,NULL,NULL,NULL,NULL,NULL,NULL,'2025-05-22',NULL,NULL,NULL,0,0,NULL),('CNS25713B','APP1747854438322','CNSMRC2AC38FA','Deepak','7050913685','Aara',NULL,NULL,NULL,NULL,NULL,NULL,NULL,NULL,NULL,NULL,NULL,NULL,NULL,NULL,NULL,NULL,NULL,NULL,NULL,NULL,NULL,NULL,NULL,NULL,NULL,NULL,NULL,NULL,NULL,'2025-05-22',NULL,NULL,NULL,0,0,NULL),('CNS98EE03','APP1747399008437','CNSMRC3449445','Pooja Sharma','9123456789','Amarpur',NULL,NULL,NULL,NULL,NULL,NULL,NULL,NULL,NULL,NULL,NULL,NULL,NULL,NULL,NULL,NULL,NULL,NULL,NULL,NULL,NULL,NULL,NULL,NULL,NULL,NULL,NULL,NULL,NULL,'2025-05-22',NULL,NULL,NULL,0,0,NULL);
/*!40000 ALTER TABLE `consumers` ENABLE KEYS */;
UNLOCK TABLES;

--
-- Table structure for table `district`
--

DROP TABLE IF EXISTS `district`;
/*!40101 SET @saved_cs_client     = @@character_set_client */;
/*!50503 SET character_set_client = utf8mb4 */;
CREATE TABLE `district` (
  `id` int NOT NULL AUTO_INCREMENT,
  `name` varchar(100) NOT NULL,
  PRIMARY KEY (`id`),
  UNIQUE KEY `name` (`name`)
) ENGINE=InnoDB AUTO_INCREMENT=17 DEFAULT CHARSET=utf8mb4 COLLATE=utf8mb4_0900_ai_ci;
/*!40101 SET character_set_client = @saved_cs_client */;

--
-- Dumping data for table `district`
--

LOCK TABLES `district` WRITE;
/*!40000 ALTER TABLE `district` DISABLE KEYS */;
INSERT INTO `district` VALUES (1,'Arwal'),(2,'Aurangabad'),(3,'Banka'),(4,'Bhagalpur'),(5,'Buxar'),(6,'Gaya'),(7,'Jamui'),(8,'Jehanabad'),(9,'Kaimur'),(10,'Lakhisarai'),(11,'Munger'),(12,'Nalanda'),(13,'Nawada'),(14,'Patna'),(15,'Rohtas'),(16,'Sheikhpura');
/*!40000 ALTER TABLE `district` ENABLE KEYS */;
UNLOCK TABLES;

--
-- Table structure for table `division`
--

DROP TABLE IF EXISTS `division`;
/*!40101 SET @saved_cs_client     = @@character_set_client */;
/*!50503 SET character_set_client = utf8mb4 */;
CREATE TABLE `division` (
  `id` int NOT NULL AUTO_INCREMENT,
  `name` varchar(100) NOT NULL,
  PRIMARY KEY (`id`),
  UNIQUE KEY `name` (`name`)
) ENGINE=InnoDB AUTO_INCREMENT=5 DEFAULT CHARSET=utf8mb4 COLLATE=utf8mb4_0900_ai_ci;
/*!40101 SET character_set_client = @saved_cs_client */;

--
-- Dumping data for table `division`
--

LOCK TABLES `division` WRITE;
/*!40000 ALTER TABLE `division` DISABLE KEYS */;
INSERT INTO `division` VALUES (1,'Bhagalpur'),(2,'Magadh'),(3,'Munger'),(4,'Patna');
/*!40000 ALTER TABLE `division` ENABLE KEYS */;
UNLOCK TABLES;

--
-- Table structure for table `dues`
--

DROP TABLE IF EXISTS `dues`;
/*!40101 SET @saved_cs_client     = @@character_set_client */;
/*!50503 SET character_set_client = utf8mb4 */;
CREATE TABLE `dues` (
  `consumerId` varchar(20) NOT NULL,
  `mobile` varchar(15) DEFAULT NULL,
  `dues_amount` decimal(10,2) DEFAULT NULL,
  `dues_status` varchar(20) DEFAULT NULL,
  PRIMARY KEY (`consumerId`)
) ENGINE=InnoDB DEFAULT CHARSET=utf8mb4 COLLATE=utf8mb4_0900_ai_ci;
/*!40101 SET character_set_client = @saved_cs_client */;

--
-- Dumping data for table `dues`
--

LOCK TABLES `dues` WRITE;
/*!40000 ALTER TABLE `dues` DISABLE KEYS */;
INSERT INTO `dues` VALUES ('CNSB7E443','9988776655',0.00,'Not Cleared');
/*!40000 ALTER TABLE `dues` ENABLE KEYS */;
UNLOCK TABLES;

--
-- Table structure for table `meter_details`
--

DROP TABLE IF EXISTS `meter_details`;
/*!40101 SET @saved_cs_client     = @@character_set_client */;
/*!50503 SET character_set_client = utf8mb4 */;
CREATE TABLE `meter_details` (
  `meter_id` varchar(50) NOT NULL,
  `app_id` varchar(50) NOT NULL,
  `meter_type` varchar(50) DEFAULT NULL,
  `meter_capacity` varchar(50) DEFAULT NULL,
  `installation_date` date DEFAULT NULL,
  `inspector_name` varchar(45) DEFAULT NULL,
  `inspection_date` date DEFAULT NULL,
  `address` varchar(200) DEFAULT NULL,
  `site_status` varchar(45) DEFAULT NULL,
  `confirmation_status` varchar(45) DEFAULT NULL,
  PRIMARY KEY (`meter_id`),
  KEY `app_id` (`app_id`),
  CONSTRAINT `meter_details_ibfk_1` FOREIGN KEY (`app_id`) REFERENCES `new_connection_requests` (`app_id`)
) ENGINE=InnoDB DEFAULT CHARSET=utf8mb4 COLLATE=utf8mb4_0900_ai_ci;
/*!40101 SET character_set_client = @saved_cs_client */;

--
-- Dumping data for table `meter_details`
--

LOCK TABLES `meter_details` WRITE;
/*!40000 ALTER TABLE `meter_details` DISABLE KEYS */;
INSERT INTO `meter_details` VALUES ('MTR1746344144968','APP1745209023731','smart meter','220 volt','2025-05-06','Chanda','2025-04-28','Bankepur','Unsafe','Pending'),('MTR1746344222948','APP1745209526715','smart meter','220 volt','2025-05-01',NULL,NULL,NULL,NULL,NULL),('MTR1746440773013','APP1745209712350','Digital','220 volt','2025-04-30','AatmaVishwas Rai','2025-05-08','Saristabad','Safe','Confirmed'),('MTR1746552395529','APP1746540552318','Digital','220 Volt','2025-05-06',NULL,NULL,NULL,NULL,NULL),('MTR1746654214063','APP1746540552318','Digital','220 Volt','2025-05-08',NULL,NULL,NULL,NULL,NULL),('MTR1747849945143','APP1747752177653','Smart Meter','220 volt','2025-05-15','Harihar','2025-05-01','Bihar','Safe','Confirmed'),('MTR1747855037994','APP1747854438322','Analog Meter','220 volt','2025-05-12','Harihar','2025-05-08','Kolkata','Safe','Confirmed'),('MTR1747910144864','APP1747684815796','Smart Meter','220 volt','2025-05-01','Harihar','2025-05-08','Bihar','Safe','Confirmed');
/*!40000 ALTER TABLE `meter_details` ENABLE KEYS */;
UNLOCK TABLES;

--
-- Table structure for table `new_connection_requests`
--

DROP TABLE IF EXISTS `new_connection_requests`;
/*!40101 SET @saved_cs_client     = @@character_set_client */;
/*!50503 SET character_set_client = utf8mb4 */;
CREATE TABLE `new_connection_requests` (
  `app_id` varchar(100) NOT NULL DEFAULT 'APP123',
  `connectionType` varchar(50) DEFAULT NULL,
  `consumerId` varchar(50) NOT NULL DEFAULT 'CON123',
  `mobile` varchar(15) DEFAULT NULL,
  `email` varchar(100) DEFAULT NULL,
  `houseNo` varchar(100) DEFAULT NULL,
  `street` varchar(255) DEFAULT NULL,
  `addressLine1` varchar(100) DEFAULT NULL,
  `addressLine2` varchar(100) DEFAULT NULL,
  `addressLine3` varchar(100) DEFAULT NULL,
  `city` varchar(100) DEFAULT NULL,
  `pincode` varchar(10) DEFAULT NULL,
  `district` varchar(100) DEFAULT NULL,
  `block` varchar(100) DEFAULT NULL,
  `panchayat` varchar(100) DEFAULT NULL,
  `village` varchar(100) DEFAULT NULL,
  `division` varchar(100) DEFAULT NULL,
  `subDivision` varchar(100) DEFAULT NULL,
  `section` varchar(100) DEFAULT NULL,
  `tariff` varchar(50) DEFAULT NULL,
  `E_phase` varchar(50) DEFAULT NULL,
  `E_load` varchar(50) DEFAULT NULL,
  `gender` varchar(50) DEFAULT NULL,
  `applicantName` varchar(255) DEFAULT NULL,
  `f_hName` varchar(255) DEFAULT NULL,
  `idProof` varchar(50) DEFAULT NULL,
  `addressProof` varchar(50) DEFAULT NULL,
  `idProofFile` varchar(255) DEFAULT NULL,
  `addressProofFront` varchar(255) DEFAULT NULL,
  `addressProofLast` varchar(255) DEFAULT NULL,
  `photo` varchar(255) DEFAULT NULL,
  `ownershipFirst` varchar(255) DEFAULT NULL,
  `ownershipSecond` varchar(255) DEFAULT NULL,
  `created_at` timestamp NULL DEFAULT CURRENT_TIMESTAMP,
  `current_stage` varchar(50) DEFAULT NULL,
  `jee_remarks` text,
  `mi_remarks` text,
  `aee_remarks` text,
  `consumer_number` varchar(100) DEFAULT NULL,
  `dues_cleared` tinyint(1) DEFAULT '0',
  `documents_verified` tinyint(1) DEFAULT '0',
  `status` varchar(20) DEFAULT NULL,
  PRIMARY KEY (`app_id`,`consumerId`)
) ENGINE=InnoDB DEFAULT CHARSET=utf8mb4 COLLATE=utf8mb4_0900_ai_ci;
/*!40101 SET character_set_client = @saved_cs_client */;

--
-- Dumping data for table `new_connection_requests`
--

LOCK TABLES `new_connection_requests` WRITE;
/*!40000 ALTER TABLE `new_connection_requests` DISABLE KEYS */;
INSERT INTO `new_connection_requests` VALUES ('APP1745209023731','domestic','CON5678','9142101898','abc@gmail.com','45','Saristabad','Patna','Gardanibagh','Anisabad','Patna','678899','munger','arwal','arwal','arwal','arwal','arwal','arwal','commercial','single','670','female','nandu','NhiPata','aadhar_card','driving_license',NULL,NULL,NULL,NULL,NULL,NULL,'2025-05-05 14:11:19',NULL,NULL,NULL,NULL,NULL,0,0,NULL),('APP1745209526715','domestic','CNS7656','6754345678','def@gmail.com','45','Gaziabad','Patna','Punjab','Anisabad','Patna','200003','lakhisarai','arwal','arwal','arwal','arwal','arwal','arwal','commercial','single','220','other','shrii','vali','aadhar_card','voter_id',NULL,NULL,NULL,NULL,NULL,NULL,'2025-05-05 14:11:19',NULL,NULL,NULL,NULL,NULL,0,0,NULL),('APP1745209712350','domestic','CON5009','9142101898','def@gmail.com','45','Gaziabad','Patna','Punjab','Anisabad','Patna','200003','lakhisarai','arwal','arwal','arwal','arwal','arwal','arwal','commercial','single','220','other','hari','prasad','aadhar_card','pan_card',NULL,NULL,NULL,NULL,NULL,NULL,'2025-05-05 14:11:19',NULL,NULL,NULL,NULL,NULL,0,0,NULL),('APP1746465873462','domestic','CNS25713B','7050913685','doedoe897@gmail.com','45','nosa','Patna','Anishabad','Phulwari','patna','801505','Arwal','Arwal','Rampur Panchayat','Rampur Waina','Magadh','Arwal','Arwal','domestic','single','30','male','John Doe','Doe','aadhar_card','ration_card','uploads/12th marksheet.jpg','uploads/10th marksheet.jpg','uploads/12th migration.jpg','uploads/signature.jpg',NULL,'uploads/ys.jpg','2025-05-05 17:24:33',NULL,NULL,NULL,NULL,NULL,1,0,NULL),('APP1746465926444','domestic','CNS25713B','7050913685','doedoe897@gmail.com','45','nosa','Patna','Anishabad','Phulwari','patna','801505','Arwal','Arwal','Payarechak Panchayat','Piare Chak','Magadh','Arwal','Arwal','domestic','single','30','male','John Doe','Doe','aadhar_card','ration_card','uploads/12th marksheet.jpg','uploads/10th marksheet.jpg','uploads/12th migration.jpg','uploads/signature.jpg','uploads/12th migration.jpg','uploads/ys.jpg','2025-05-05 17:25:26',NULL,NULL,NULL,NULL,NULL,1,0,NULL),('APP1746467059536','domestic','CNS25713B','7050913685','doedoe897@gmail.com','45','nosa','Patna','Anishabad','Phulwari','patna','801505','Arwal','Kaler','Ismailpur Koil Panchayat','Khushdihra','Magadh','Arwal','Kaler','domestic','single','34','male','John Doe','Doe','voter_id','voter_id','uploads/10th marksheet.jpg','uploads/12th marksheet.jpg','uploads/12th migration.jpg','uploads/IMG_20220919_184357.jpg','uploads/signature.jpg','uploads/ys.jpg','2025-05-05 17:44:19','JEE',NULL,NULL,NULL,NULL,1,0,NULL),('APP1746467640620','domestic','CNS25713B','7050913685','doedoe897@gmail.com','23','nosa','Patna','Anishabad','Phulwari','patna','801505','Arwal','Karpi','Puran Panchayat ','Katesar','Magadh','Arwal','Atuallah','commercial','single','34','male','John Doe','Doe','bpl_card','ration_card','uploads/10th marksheet.jpg','uploads/12th migration.jpg','uploads/12th marksheet.jpg','uploads/IMG_20220919_184357.jpg','uploads/signature.jpg','uploads/ys.jpg','2025-05-05 17:54:00','JEE',NULL,NULL,NULL,NULL,1,0,NULL),('APP1746473469441','domestic','CNS25713B','7050913685','doedoe897@gmail.com','45','nosa','Patna','Anishabad','Phulwari','patna','801505','1','3','41','175','2','1','3','domestic','single','34','male','John Doe','Doe','aadhar_card','ration_card','uploads/12th marksheet.jpg','uploads/10th marksheet.jpg','uploads/12th migration.jpg','uploads/IMG_20220919_184357.jpg','uploads/signature.jpg','uploads/ys.jpg','2025-05-05 19:31:09','Complete','verified','verified by mi','Approved','CNSMR7ACBBB0D',1,1,'Approved'),('APP1746540552318','domestic','CNS98EE03','9123456789','pooja@456gmail.com','19','Baga','Amarpur','Tajnagar','Bagichagali','Arwal','804519','1','3','31','128','2','1','3','domestic','single','15','female','Pooja Sharma','Rohan Sharma','aadhar_card','driving_license','uploads/12th marksheet.jpg','uploads/10th marksheet.jpg','uploads/12th migration.jpg','uploads/IMG_20220919_184357.jpg','uploads/signature.jpg','uploads/ys.jpg','2025-05-06 14:09:12','Complete','approved','verified','Completed','CNSMR904102B5',1,0,NULL),('APP1746687965452','domestic','CNS6A29B6','8754965243','man34@gmail.com','45','nosa','Patna','Anishabad','Phulwari','Arwal','801505','1','2','17','76','2','1','2','domestic','single','34','female','Mansi','Kumar','voter_id','voter_id','uploads/12th marksheet.jpg','uploads/10th marksheet.jpg','uploads/12th migration.jpg','uploads/IMG_20220919_184357.jpg','uploads/signature.jpg','uploads/ys.jpg','2025-05-08 07:06:05','MI','verified',NULL,NULL,NULL,1,1,'Pending MI'),('APP1747399008437','domestic','CNS98EE03','9123456789','pooja@456gmail.com','19','Baga','Amarpur','Anishabad','Bagichagali','Arwal','804519','1','3','35','138','2','1','3','domestic','single','58','female','Pooja Sharma','Kumar','aadhar_card','aadhar_card','uploads/10th marksheet.jpg','uploads/12th marksheet.jpg','uploads/12th migration.jpg','uploads/IMG_20220919_184357.jpg','uploads/signature.jpg','uploads/ys.jpg','2025-05-16 12:36:48','Complete','verified','verified by mi','Completed','CNSMRC3449445',1,1,'Approved'),('APP1747684815796','domestic','CNS25713B','7050913685','doedoe897@gmail.com','45','nosa','Amarpur','Anishabad','Bagichagali','Arwal','801505','1','3','36','146','2','1','3','domestic','single','15','male','John Doe','Hood','aadhar_card','driving_license','uploads/12th marksheet.jpg','uploads/10th marksheet.jpg','uploads/12th migration.jpg','uploads/photo.jpg','uploads/signature.jpg','uploads/ys.jpg','2025-05-19 20:00:15','Complete','Verified','Approved','Approved','CNSMR440CC3E0',1,1,'Approved'),('APP1747752177653','domestic','CNSB7E443','9988776655','rahull45@gmail.com','85','Frazer Road','Amarpur','Tajnagar','Phulwari','Arwal','804516','1','3','36','146','2','1','3','domestic','single','25','male','Rahul Kumar','Kumar','aadhar_card','voter_id','uploads/10th marksheet.jpg','uploads/12th marksheet.jpg','uploads/12th migration.jpg','uploads/photo.jpg','uploads/signature.jpg','uploads/ys.jpg','2025-05-20 14:43:01','Complete','Verified','Approved','Approved','CNSMR09143CB6',1,1,'Approved'),('APP1747768800315','commercial','CNSA1B33C','9603540582','yasrab30@gmail.com','45','nosa','Patna','Tajnagar','Bagichagali','patna','801505','1','3','38','159','2','1','3','commercial','single','49','female','Yasrab','Md Shamshuzzaman','pan_card','id_government','uploads/10th marksheet.jpg','uploads/12th marksheet.jpg','uploads/12th migration.jpg','uploads/photo.jpg','uploads/signature.jpg','uploads/ys.jpg','2025-05-20 19:20:04','JEE',NULL,NULL,NULL,NULL,1,0,'Submitted'),('APP1747854438322','domestic','CNS25713B','7050913685','def@gmail.com','9AB34','Saristabad','Aara','Punjab','Haryana','Patna','200003','1','1','1','2','2','1','1','domestic','single','670','male','Deepak','hari','voter_id','aadhar_card','APP1747854438322_idProof.jpg','APP1747854438322_frontPage.jpg','APP1747854438322_lastPage.jpg','APP1747854438322_photo.jpg','APP1747854438322_owner1.jpg','APP1747854438322_owner2.jpg','2025-05-21 19:07:24','Complete','forwarded','Approved','Approved','CNSMRC2AC38FA',1,1,'Approved');
/*!40000 ALTER TABLE `new_connection_requests` ENABLE KEYS */;
UNLOCK TABLES;

--
-- Table structure for table `panchayat`
--

DROP TABLE IF EXISTS `panchayat`;
/*!40101 SET @saved_cs_client     = @@character_set_client */;
/*!50503 SET character_set_client = utf8mb4 */;
CREATE TABLE `panchayat` (
  `id` int NOT NULL AUTO_INCREMENT,
  `name` varchar(100) NOT NULL,
  `block_id` int DEFAULT NULL,
  PRIMARY KEY (`id`),
  KEY `block_id` (`block_id`),
  CONSTRAINT `panchayat_ibfk_1` FOREIGN KEY (`block_id`) REFERENCES `block` (`id`) ON DELETE CASCADE
) ENGINE=InnoDB AUTO_INCREMENT=1494 DEFAULT CHARSET=utf8mb4 COLLATE=utf8mb4_0900_ai_ci;
/*!40101 SET character_set_client = @saved_cs_client */;

--
-- Dumping data for table `panchayat`
--

LOCK TABLES `panchayat` WRITE;
/*!40000 ALTER TABLE `panchayat` DISABLE KEYS */;
INSERT INTO `panchayat` VALUES (1,'Abgila Panchayat',1),(2,'Amara Panchayat ',1),(3,'Basilpur Panchayat',1),(4,'Bhadasi Panchayat',1),(5,'Fakharpur Panchayat',1),(6,'Khamaini Panchayat',1),(7,'Parasi Panchayat',1),(8,'Payarechak Panchayat',1),(9,'Rampur Panchayat',1),(10,'Sakri Panchayat',1),(11,'Sarouti Panchayat',1),(12,'Sonwarsa Panchayat',1),(13,'Beawon Panchayat',2),(14,' Belsar Panchayat',2),(15,'Injor Panchayat',2),(16,'Ismailpur Koil Panchayat',2),(17,'Jaipur Panchayat',2),(18,'Kamta Panchayat',2),(19,'Mainpura Panchayat',2),(20,'Morth Kaler Panchayat',2),(21,'Pahleja Panchayat',2),(22,'Sohsa Panchayat',2),(23,'South Kaler Panchayat',2),(24,' Teri Panchayat',2),(25,'Usari Panchayat',2),(26,'Walidad Panchayat',2),(27,'Sakri Khurd Panchayat',2),(28,'Aiyara Panchayat',3),(29,'Bambhi Panchayat ',3),(30,'Beikhara Panchayat',3),(31,'Chauhar Panchayat',3),(32,'Dorra Panchayat',3),(33,'Karpi Panchayat',3),(34,'Keyal Panchayat',3),(35,'Kinjir Panchayat',3),(36,'Murarhi Panchayat',3),(37,'Nagwan Panchayat',3),(38,'Narga Panchayat',3),(39,'Pariyari Panchayat',3),(40,'Purainiya Panchayat',3),(41,'Puran Panchayat ',3),(42,'Rampur Chay Panchayat',3),(43,'Rohai Panchayat',3),(44,'Shahar Telpa Panchayat',3),(45,'Khajuri Panchayat',3),(46,'Kochahasa Panchayat',3),(47,'Ahamadpur Harna Panchayat',4),(48,'Bara Panchayat ',4),(49,'Embrahimpur Panchayat',4),(50,'Kodmarae Panchayat',4),(51,'Manikpura Panchayat',4),(52,'Nadaura Panchayat',4),(53,'Nidhwan Panchayat',4),(54,'Pinjrawan Panchayat',4),(55,'Sachae Panchayat',4),(56,'Anua Panchayat',5),(57,'Belaura Panchayat',5),(58,'Chamandih Panchayat',5),(59,'Kharasin Panchayat',5),(60,'Khatangi Panchayat',5),(61,'Mali Panchayat ',5),(62,'Shepur Panchayat',5),(63,'Sonbhdra Panchayat',5),(64,'Bela',33),(65,'Ibrahimpur',33),(66,'Jamhaur',33),(67,'Karma Bhagwan',33),(68,'Khaira Bind',33),(69,'Khaira Mirja',33),(70,'Kurmahan',33),(71,'Manjhar',33),(72,'Naugarh',33),(73,'Ora',33),(74,'Pararwan',33),(75,'Paras Dih',33),(76,'Phesar',33),(77,'Poiwan',33),(78,'Pokhrahan',33),(79,'Badhi Khurd',34),(80,'Bhopatpur',34),(81,'Dhamanee',34),(82,'Dhangai',34),(83,'Dudhar',34),(84,'Gothaulee',34),(85,'Jankop',34),(86,'Kaji Chak',34),(87,'Kanchanpur',34),(88,'Khaira',34),(89,'Kocharh',34),(90,'Meh',34),(91,'Pauthu',34),(92,'Pipra',34),(93,'Riur',34),(94,'Tengara',34),(95,'Ankorha',35),(96,'Bairiya',35),(97,'Bariyavan',35),(98,'Basdiha',35),(99,'Belaien',35),(100,'Chandragargh',35),(101,'Harihar Urdana',35),(102,'Jaihind Tendua',35),(103,'Kanker',35),(104,'Kerka',35),(105,'Khajuri Pandu',35),(106,'Mahuaawan',35),(107,'Majhiawan',35),(108,'Mungia',35),(109,'Naur',35),(110,'Pipra',35),(111,'Rajpur',35),(112,'Ramnagar',35),(113,'Rampur',35),(114,'Simaree Dhamanee',35),(115,'Sonaura',35),(116,'Soree',35),(117,'Tandwa',35),(118,'Thengo',35),(119,'Tol',35),(120,'Amba',36),(121,'Bairaw',36),(122,'Baliya',36),(123,'Bharaundha',36),(124,'Dadhpa',36),(125,'Dumra',36),(126,'Dumri',36),(127,'Gheura',36),(128,'Jagdishpur',36),(129,'Karma Basantpur',36),(130,'Kutumba',36),(131,'Maharajganj',36),(132,'Matpa',36),(133,'Parta',36),(134,'Pipra Bagahi',36),(135,'Risiyp',36),(136,'Sanda',36),(137,'Suhi',36),(138,'Telhara',36),(139,'Verma',36),(140,'Baniya',37),(141,'Beri',37),(142,'Chein Nawada',37),(143,'Dadhpi',37),(144,'Erkikala',37),(145,'Ghatrain',37),(146,'Ghora Dehari',37),(147,'Khiriyawan',37),(148,'Madan Pur',37),(149,'Mahuawan',37),(150,'Manika',37),(151,'Nema Anjan',37),(152,'North Umga',37),(153,'Pipraura',37),(154,'Pirthu',37),(155,'Pirwan',37),(156,'Salaiya',37),(157,'South Umga',37),(158,'War',37),(159,'Banua',38),(160,'Baranda Rampur',38),(161,'Basdiha',38),(162,'Berhani',38),(163,'Berhna',38),(164,'BhawaniPur',38),(165,'Dulare',38),(166,'East Kataki',38),(167,'Eraura',38),(168,'Hasauli',38),(169,'Israur',38),(170,'Kharkani',38),(171,'Pawai',38),(172,'Sarganwan',38),(173,'West Kataki',38),(174,'Arthua',39),(175,'Baghora',39),(176,'Balar',39),(177,'Baligawn',39),(178,'Baur',39),(179,'Bhaduki Kalan',39),(180,'Bhadwa',39),(181,'Bhetaniyan',39),(182,'Charkanwan',39),(183,'Chew',39),(184,'Chobara',39),(185,'Dhosila',39),(186,'Dugul',39),(187,'Gordiha',39),(188,'Itar',39),(189,'Kajpa',39),(190,'Kerap',39),(191,'Kotbara',39),(192,'Latta',39),(193,'Lohara',39),(194,'Pauthu',39),(195,'Pogar',39),(196,'Sihuli',39),(197,'Amilona',40),(198,'Babandih',40),(199,'Bel',40),(200,'Bharub',40),(201,'Chanda',40),(202,'Dihara',40),(203,'Dihri',40),(204,'Gaini',40),(205,'Kanchanpur',40),(206,'Kara',40),(207,'Karsawan',40),(208,'Khudwan',40),(209,'Mahuwan',40),(210,'Malwan',40),(211,'Obra',40),(212,'Ratanpur',40),(213,'Sarsauli',40),(214,'Sonhuli',40),(215,'Tejpura',40),(216,'U.b.',40),(217,'Akorha',41),(218,'Ancha',41),(219,'Arai',41),(220,'Belwan',41),(221,'Chauri',41),(222,'Gordiha',41),(223,'Kanap',41),(224,'Karma',41),(225,'Mahawar',41),(226,'Manar',41),(227,'Sansa',41),(228,'Shamshernagar',41),(229,'Sinduar',41),(230,'Tarar',41),(231,'Tarari',41),(232,'Amari',42),(233,'Baksar',42),(234,'Bantara',42),(235,'Barma Khurd',42),(236,'Bazar Barma',42),(237,'Beraka',42),(238,'Bhurkunda',42),(239,'Chapuk',42),(240,'Dadhapi',42),(241,'Deohara',42),(242,'Dihuri',42),(243,'Fag',42),(244,'Goh',42),(245,'Hasampur',42),(246,'Hathiara',42),(247,'Jhikatia',42),(248,'Malhad',42),(249,'Mirpur',42),(250,'Teap',42),(251,'Uphara',42),(252,'Ahiyapur',43),(253,'Amjhar',43),(254,'Dhusari',43),(255,'Dindir',43),(256,'Dumara',43),(257,'Haspura',43),(258,'Itwan',43),(259,'Jaitpur',43),(260,'Koilwan',43),(261,'Malhara',43),(262,'Piru',43),(263,'Purhara',43),(264,'Sonhathu',43),(265,'Tal',43),(266,'Bajidudi',6),(267,'Ballikitta',6),(268,'Bhadariya',6),(269,'Bharko',6),(270,'Bhikhanpur',6),(271,'Bisanpur',6),(272,'Fatehpur',6),(273,'Garibpur',6),(274,'Gorgama',6),(275,'Kolbujurg',6),(276,'Kushmaha',6),(277,'Lakshmipur Chiraiya',6),(278,'Mahadeopur',6),(279,'Pawai',6),(280,'Ratanpur Makduma',6),(281,'Salempur',6),(282,'Sobhanpur',6),(283,'Sultanpur',6),(284,'Tardih',6),(285,'Bahera',7),(286,'Chhatrapal',7),(287,'Dara',7),(288,'Domuhan',7),(289,'Dudhari',7),(290,'Jamua',7),(291,'Kajhiya',7),(292,'Kakwara',7),(293,'Karma',7),(294,'Lakhnaudi',7),(295,'Lakrikola',7),(296,'Lodham',7),(297,'Raniya Jogidha',7),(298,'Samukhiya',7),(299,'South Kateli',7),(300,'Teliya',7),(301,'Auria',8),(302,'Bhabhangama',8),(303,'Gordhawar',8),(304,'Kharhara',8),(305,'Kharihara',8),(306,'Lourhia Khurd',8),(307,'Mahua',8),(308,'Mirjapur',8),(309,'Narayanpur',8),(310,'Panjwara',8),(311,'Pathra',8),(312,'Sabalpur',8),(313,'Sondiha North',8),(314,'Sondiha South',8),(315,'Bahorna',9),(316,'Basmata',9),(317,'Belhar',9),(318,'Dhouri',9),(319,'Dumariya',9),(320,'Ghorbahiyar',9),(321,'Hathiya Dara',9),(322,'Jhukiliya',9),(323,'Loudiya',9),(324,'Nimiya',9),(325,'Raghunathpur',9),(326,'Rajpur',9),(327,'Ranga',9),(328,'Sahebganj',9),(329,'Srinagar',9),(330,'Surykana-Beldiha',9),(331,'Taraiya',9),(332,'Teliya Kumri',9),(333,'Angaru Jabra',10),(334,'Ashnaha',10),(335,'Babhangama ',10),(336,'Chilkara',10),(337,'Dahua ',10),(338,'Daliya',10),(339,'Faga',10),(340,'Gokula',10),(341,'Kairi',10),(342,'Kudro ',10),(343,'Sanga ',10),(344,'Sanpdahar',10),(345,'Sarua',10),(346,'Sikandarpur',10),(347,'Asuraha',11),(348,'Berfera Tetariya',11),(349,'Birniya',11),(350,'Boda Suiya',11),(351,'Chandan',11),(352,'Chandawari',11),(353,'Dhanubsar',11),(354,'Gouripur',11),(355,'Kaswabaliya (north)',11),(356,'Kaswabaliya (south)',11),(357,'Katsakara (east)',11),(358,'Katsakara (west)',11),(359,'Koriya',11),(360,'Kusumjori',11),(361,'Siljori',11),(362,'Warney (north)',11),(363,'Warney (south)',11),(364,'Ahiro',12),(365,'Batsar',12),(366,'Bhelai',12),(367,'Chalna',12),(368,'Chandadih',12),(369,'Gachiya Basbitta',12),(370,'Ghasiya',12),(371,'Jaipur',12),(372,'Karhariya',12),(373,'Kathbangaon Birbalpur',12),(374,'Kharoundha Jhotha',12),(375,'Kurma',12),(376,'Loungay',12),(377,'Mahila Bishanpur',12),(378,'Makaita Babura',12),(379,'Pair',12),(380,'Rangaon',12),(381,'Sainchak',12),(382,'Sijhat Baliyas',12),(383,'Tahirpur Goura',12),(384,'Bhitiya',13),(385,'Dakshini Kojhi',13),(386,'Fullidumar',13),(387,'Kaitha',13),(388,'Kenduar',13),(389,'Kheshar',13),(390,'Pathdda',13),(391,'Rata',13),(392,'Sadpur',13),(393,'Teliya Pahar',13),(394,'Uttari Kojhi',13),(395,'Barwasni',14),(396,'Basmatta',14),(397,'Bhorsar Bhelwa',14),(398,'Damodara',14),(399,'Dewasi',14),(400,'Ghoramara',14),(401,'Harhar',14),(402,'Jaipur',14),(403,'Jamdaha',14),(404,'Kathoun',14),(405,'Katiyari',14),(406,'Kolhasar',14),(407,'Lakrama',14),(408,'Maniya',14),(409,'Mothawari',14),(410,'Bhawanipur-kathoun',15),(411,'Chilkawar Asouta',15),(412,'Dhayaharna Mahgama',15),(413,'Dhouni-bamdeo',15),(414,'Harchandi Amhara',15),(415,'Kathchatar Lilatari',15),(416,'Khaira',15),(417,'Majhgain Darpa',15),(418,'Morama Bangaon',15),(419,'Nawada Kharouni',15),(420,'Orhara',15),(421,'Parghari-lakra',15),(422,'Rajabar',15),(423,'Rajaun',15),(424,'Sakahara',15),(425,'Sanjha Shyampur',15),(426,'Singhnan',15),(427,'Tilakpur',15),(428,'Baidpur',16),(429,'Barsabad',16),(430,'Bharatshila',16),(431,'Birnaudha',16),(432,'Chhatrahar',16),(433,'Chutiya Belari',16),(434,'Gulni',16),(435,'Jhakhra',16),(436,'Kamatpur',16),(437,'Karsop',16),(438,'Kaswa',16),(439,'Kurma',16),(440,'Maldih',16),(441,'Mirjapur',16),(442,'Pakariya',16),(443,'Parariya',16),(444,'Parmanandpur',16),(445,'Poukari',16),(446,'Ramchua',16),(447,'Agarpur',17),(448,'Agarpur Machhipur',17),(449,'Bishanpur Jichho',17),(450,'Goradih',17),(451,'Kasimpur',17),(452,'Khutaha',17),(453,'Mohanpur',17),(454,'Murhan Jamin',17),(455,'Nadiyama',17),(456,'Pithna',17),(457,'Salpur',17),(458,'Sarath Daharpur',17),(459,'Sonudih Satjori',17),(460,'Tarchha Damuchak',17),(461,'Ustu',17),(462,'Baijani',18),(463,'Baluwa Chak Puraini',18),(464,'Bhawanipur Desari',18),(465,'Chandpur',18),(466,'Imampur',18),(467,'Jagadishpur',18),(468,'Jamni',18),(469,'Khiribandh',18),(470,'Puraini North',18),(471,'Puraini South',18),(472,'Puraini Tola Sonu Chak',18),(473,'Saino',18),(474,'Sanhauli',18),(475,'Shahjangi',18),(476,'Belkhoria',19),(477,'Bhatoria',19),(478,'Bhuwalpur',19),(479,'Bishanrampur',19),(480,'Gosaidaspur',19),(481,'Goura Chouki',19),(482,'Kajraily',19),(483,'Nisf Ambe',19),(484,'Noorpur',19),(485,'Raghopur',19),(486,'Rampur Khurd',19),(487,'Rannuchak Makandpur',19),(488,'Rattipur Bariya',19),(489,'Shankarpur',19),(490,'Baijalpur',20),(491,'Barari',20),(492,'Chandheri',20),(493,'Farka',20),(494,'Fatehpur',20),(495,'Khankitta',20),(496,'Lailakh',20),(497,'Lodipur',20),(498,'Mamalkha',20),(499,'Parghari',20),(500,'Rajandipur',20),(501,'Sardho',20),(502,'Shankarpur',20),(503,'Amba',21),(504,'Basudeopur',21),(505,'Belthu',21),(506,'Bhulni',21),(507,'Dariyapur',21),(508,'Daspur',21),(509,'Dindayal Pur',21),(510,'Govrain',21),(511,'Hajipur',21),(512,'Harnath',21),(513,'Jagaria',21),(514,'Kaswa Kherhi',21),(515,'Khaira',21),(516,'Khulni',21),(517,'Kishanpur Amkhoria',21),(518,'Makanpur',21),(519,'Pair Dominia Mal',21),(520,'Sajour',21),(521,'Sarauni',21),(522,'Abjuganj',22),(523,'Asiyachak',22),(524,'Bhirkhurd',22),(525,'Dhandhi Belari',22),(526,'English Chichraun',22),(527,'Ganganiya',22),(528,'Kamarganj',22),(529,'Katahara',22),(530,'Khanpur',22),(531,'Kherahia',22),(532,'Kheraihiya',22),(533,'Kishanpur',22),(534,'Kumaitha',22),(535,'Maheshi',22),(536,'Masdi',22),(537,'Mirhatti',22),(538,'Nayagaon',22),(539,'Tilakpur',22),(540,'Antichak',23),(541,'Bansi Pur',23),(542,'Bholsar',23),(543,'Birbanna',23),(544,'Dhanoura',23),(545,'Ekchari',23),(546,'Ekdara',23),(547,'Ghogha',23),(548,'Jani Dih',23),(549,'Kairiya',23),(550,'Kishundaspur',23),(551,'Kodwar',23),(552,'Kurma',23),(553,'Lagma',23),(554,'Maheshamunda',23),(555,'Mathura Pur',23),(556,'Mohanpur Goughatta',23),(557,'Nandlal Pur',23),(558,'Ogari',23),(559,'Oriup',23),(560,'Pakki Sarai',23),(561,'Prashsthdih',23),(562,'Ram Pur',23),(563,'Ramjani Pur',23),(564,'Sadanandpur Baisa',23),(565,'Salempur Saini',23),(566,'Shyam Pur',23),(567,'Sinya',23),(568,'Babupur',24),(569,'Bakharpur East',24),(570,'Bakharpur West',24),(571,'Bandhu Jayram',24),(572,'Bara',24),(573,'Ekchari Diyara',24),(574,'Gobindpur',24),(575,'Hardev Chak',24),(576,'Harin Kol',24),(577,'Khavaspur',24),(578,'Kirtania',24),(579,'Manik Pur',24),(580,'Mohan Pur Madhu Ban',24),(581,'Mohanpur',24),(582,'Olapur',24),(583,'Parasbanna',24),(584,'Parshurampur',24),(585,'Pirpainti',24),(586,'Pyalapur',24),(587,'Rajgaon',24),(588,'Rajgaon Araji',24),(589,'Rani Diara',24),(590,'Rifatpur',24),(591,'Rifatpur Simanpur',24),(592,'Roushanpur',24),(593,'Salempur',24),(594,'Shrimatpur Gopalichak',24),(595,'Shrimatpur Hujurnagar',24),(596,'Amdanda',25),(597,'Amdiha',25),(598,'Arar',25),(599,'Bari Naki',25),(600,'Bhuriya Mahiyama',25),(601,'Boda Pathakdih',25),(602,'Dhuabai',25),(603,'Fajilpur Sakrama',25),(604,'Kamalpur Srichak',25),(605,'Madarganj',25),(606,'Madhopur Bathani',25),(607,'Maheshpur Ghanshyamchak',25),(608,'Pothia',25),(609,'Sanhaula',25),(610,'Sanokhar',25),(611,'Silhan Khajuriya',25),(612,'Tarar',25),(613,'Telaundha',25),(614,'Babhangama',26),(615,'Bihpur East',26),(616,'Bihpur Jamalpur',26),(617,'Bihpur Middle',26),(618,'Bihpur South',26),(619,'Dhrampur Ratti',26),(620,'Hario',26),(621,'Jhandapur East',26),(622,'Jhandapur West',26),(623,'Lattipur North',26),(624,'Lattipur South',26),(625,'Marwa East',26),(626,'Marwa West',26),(627,'Abhia Pachagachia',27),(628,'Babu Tola Kamlakund',27),(629,'Dumaria Chaperghat',27),(630,'Gopalpur Dimaha',27),(631,'Gosai Gaown',27),(632,'Makandpur',27),(633,'Saidpur',27),(634,'Sukatia Bazar',27),(635,'Tintanga Karari',27),(636,'Ismailpur Paschimi Bhitha',28),(637,'Ismailpur Purabi Bhitha',28),(638,'Kamla Kund',28),(639,'Narayanpur Laxmipur',28),(640,'Parbatta',28),(641,'Akidatpur',29),(642,'Bhawanpura',29),(643,'Chorhar',29),(644,'Dhoriya Dadpur',29),(645,'Dhrubganj',29),(646,'Got-kharik',29),(647,'Khairpur',29),(648,'Kharik Bazar',29),(649,'Lokmanpur',29),(650,'Raghopur',29),(651,'Telghi',29),(652,'Tulsipur',29),(653,'Usmanpur',29),(654,'Baikatpur Dudhaila',30),(655,'Bhawanipur',30),(656,'Jaipurchuhar West',30),(657,'Jaypurchuhar East',30),(658,'Nagarpara East',30),(659,'Nagarpara North',30),(660,'Nagarpara South',30),(661,'Raipur',30),(662,'Shahzadpur',30),(663,'Sihpur East',30),(664,'Sihpur West',30),(665,'Dholbazza',31),(666,'Jagatpur',31),(667,'Jamunia',31),(668,'Kadwa Diyara',31),(669,'Kahairpur Kadwa',31),(670,'Khagra',31),(671,'Nagrah',31),(672,'Pakra',31),(673,'Punama Pratap Nagar',31),(674,'Tetari',31),(675,'Baisi Jahangirpur',32),(676,'Bania Baisi',32),(677,'Bhawanipur',32),(678,'Koshkipur Sahaura',32),(679,'Madrauni',32),(680,'Murli',32),(681,'Rangra',32),(682,'Sadhua Chapar',32),(683,'Tintanga Diyara North',32),(684,'Tintanga Diyara South',32),(685,'Ahirauli',44),(686,'Baruna',44),(687,'Boksa',44),(688,'Pandeypatti',44),(689,'Sonbarsa',44),(690,'Umarpur',44),(691,'Atrauna',45),(692,'Barka Gaon',45),(693,'Itarhi',45),(694,'Kukudha',45),(695,'Narayan Pur',45),(696,'Banarpur',46),(697,'Chausa',46),(698,'Chunni',46),(699,'Rampurkala',46),(700,'Sarenja',46),(701,'Sikraul',46),(702,'Akbarpur',47),(703,'Banni',47),(704,'Barupur',47),(705,'Rasen Kala',47),(706,'Ariaon',48),(707,'Ataon',48),(708,'Bhojpur Jadid',48),(709,'Mugaon',48),(710,'Nandan',48),(711,'Nawanagar',49),(712,'Parmanpur',49),(713,'Rupsagar',49),(714,'Sikraul',49),(715,'Sonbarsha',49),(716,'Waina',49),(717,'Bagen',50),(718,'Bairia',50),(719,'Bararhi',50),(720,'Bhadwar',50),(721,'South Nainijor',50),(722,'Yogia',50),(723,'Katiknar',51),(724,'Kesath',51),(725,'Rampur',51),(726,'Arak',52),(727,'Chakki',52),(728,'Chanda',52),(729,'Jawahi Diar',52),(730,'Chaugain',53),(731,'Khewali',53),(732,'Masahariya',53),(733,'Balihar',54),(734,'Rajapur',54),(735,'Rajpur Kalan',54),(736,'Rajpur Kalan Parsanpah',54),(737,'Sahiyar',54),(738,'Simri',54),(739,'Amraha',55),(740,'Kujapi',55),(741,'Madan Bigha',55),(742,'Naili',55),(743,'Rasalpur',55),(744,'Agandha',56),(745,'Akthu Kachanpur',56),(746,'Sakir Bigha',56),(747,'Sri Pur',56),(748,'Amethi',57),(749,'Bichchha',57),(750,'Pater Mangrawa',57),(751,'Pura',57),(752,'Nauranga',58),(753,'Shadi Pur',58),(754,'Sohai Pur',58),(755,'Sonaut',58),(756,'Usari',58),(757,'Atiya',59),(758,'Bara',59),(759,'Kurmawan',59),(760,'Mocharim',59),(761,'Shekhwara',59),(762,'Aropur',60),(763,'Gajadharpur',60),(764,'Jagarnathpur',60),(765,'Tankuppa',60),(766,'Utali Bara',60),(767,'Bara',61),(768,'Pahar Pur',61),(769,'Salaiya Kala',61),(770,'Adai',62),(771,'Manjhiyawan',62),(772,'Parsawan',62),(773,'Simra',62),(774,'Ammakuan',63),(775,'Bhori',63),(776,'Chaita',63),(777,'Chhathawan',63),(778,'Shiv Nagar',63),(779,'Simuara',63),(780,'Malpa',64),(781,'Pahra',64),(782,'Rauna',64),(783,'Tilori',64),(784,'Ajmat Ganj',65),(785,'Bagahi',65),(786,'Kapasia',65),(787,'Paraiya Khurd',65),(788,'Puna Kala',65),(789,'Solara',65),(790,'Aima',66),(791,'Kutlupur',66),(792,'Naudiha',66),(793,'Rauniya',66),(794,'Sarbahda',66),(795,'Siswar',66),(796,'Uchouli',66),(797,'Chakra',67),(798,'Dhusri',67),(799,'Sahora',67),(800,'Sirh',67),(801,'Khukhri',68),(802,'Mai',68),(803,'Maniyara',68),(804,'Naili',68),(805,'Arai',69),(806,'Dariyapur',69),(807,'Gehlor',69),(808,'South Kajoor',69),(809,'Tetar',69),(810,'Nadaura',70),(811,'Nagwan',70),(812,'Pakri',70),(813,'Paluhara',70),(814,'Raghunath Khap',70),(815,'Rajan',70),(816,'Simaru',70),(817,'Akouna',71),(818,'Amas',71),(819,'Karamdih',71),(820,'Mahuawan',71),(821,'Rampur',71),(822,'Sawnkala',71),(823,'Baital',72),(824,'Barheta',72),(825,'Roshan Ganj',72),(826,'Saif Ganj',72),(827,'Tarwan',72),(828,'Manjhauli',73),(829,'Nagwan',73),(830,'Naudiha',73),(831,'Pakriguria',73),(832,'Salaiya',73),(833,'Sidhpur',73),(834,'Bhangia',74),(835,'Bhokaha',74),(836,'Chhakarbandha',74),(837,'Mallehpur',75),(838,'Numar',75),(839,'Panro',75),(840,'Bamdah',76),(841,'Barmoria',76),(842,'Bongi',76),(843,'Chakai',76),(844,'Chandrmandih',76),(845,'Chophla',76),(846,'Dadhwa',76),(847,'Dulampur',76),(848,'Pojha',76),(849,'Ramchandra Dih',76),(850,'Ramsingh Dih',76),(851,'Saroun',76),(852,'Thadhi',76),(853,'Gangara',77),(854,'Kolhua',77),(855,'Kundhur',77),(856,'Purbi Guguldih',77),(857,'Ratanpur',77),(858,'Sewa',77),(859,'Abgilla Chaurasa',78),(860,'Aliganj',78),(861,'Arha',78),(862,'Kolhana',78),(863,'Mirgaganj',78),(864,'Pursunda',78),(865,'Sahora',78),(866,'Amrath',79),(867,'Arsar ',79),(868,'Chaudiha ',79),(869,'Daulatpur',79),(870,'Garsanda ',79),(871,'Baijla',80),(872,'Baliyadih',80),(873,'Barajor',80),(874,'Dhamna',80),(875,'Hathia',80),(876,'Rajla Kala',80),(877,'Telwa Bazar',80),(878,'Amari',81),(879,'Arunwa Bank',81),(880,'Banpur',81),(881,'Bela',81),(882,'Bhimain',81),(883,'Raipura',81),(884,'Anantpur',82),(885,'Chinawaria',82),(886,'Dighi',82),(887,'Pidron',82),(888,'Bhullo',83),(889,'Bichhwe',83),(890,'Gokhula- Fatehpur',83),(891,'Sabal -bigha',83),(892,'Sighauri',83),(893,'Babudih',84),(894,'Balthar',84),(895,'Belamba',84),(896,'Rajaun',84),(897,'Sarebad',84),(898,'Sono',84),(899,'Thamhan',84),(900,'Amain',85),(901,'Sikariya',85),(902,'Surungapur',85),(903,'Bela Birra',86),(904,'Bhaikh',86),(905,'Chhariyari',86),(906,'Dakra',86),(907,'Dharaut',86),(908,'Punhada',86),(909,'Rampur',86),(910,'Solhanda',86),(911,'Sugaon',86),(912,'Sumera',86),(913,'W. Saren',86),(914,'Ahiasa',87),(915,'Lakhawar',87),(916,'Parawan',87),(917,'Sahobigha',87),(918,'Shahpur',87),(919,'Uber',87),(920,'Bauri',88),(921,'Chiri',88),(922,'Dawthoo',88),(923,'Keur',88),(924,'Jhunathi',89),(925,'Kansua',89),(926,'Kaswan',89),(927,'Lakhapur',89),(928,'Murhara',89),(929,'Narayanpur',89),(930,'Bandhu Ganj',90),(931,'Deora',90),(932,'Gandhar',90),(933,'Jaytipur Kurua',90),(934,'Saista Bad',90),(935,'Amthua',91),(936,'Bara',91),(937,'Barawan',91),(938,'Barhauna',91),(939,'Pinjora',91),(940,'Saidabad Parsain',91),(941,'Suleman Pur',91),(942,'Uttar Serthu',91),(943,'Aathan',177),(944,'Adhaura',177),(945,'Babhani Kala',177),(946,'Sarki',177),(947,'Sarodag',177),(948,'Akhalaspur',178),(949,'Bahuan',178),(950,'Ruppur',178),(951,'Sikathi',178),(952,'Sio',178),(953,'Sonhan',178),(954,'Bhagwanpur',179),(955,'Jaitpur Kalan',179),(956,'Kaser',179),(957,'Mokaram',179),(958,'Tori',179),(959,'Amaon',180),(960,'Badhauna',180),(961,'Sirbit',180),(962,'Udairampur',180),(963,'Bharari Kala',181),(964,'Sirhira',181),(965,'Soukhara',181),(966,'Amaon',182),(967,'Barkagaon',182),(968,'Belaon',182),(969,'Pasain',182),(970,'Sabar',182),(971,'Akorhi',183),(972,'Akorhi Mela',183),(973,'Ameth',183),(974,'Mujan',183),(975,'Panapur',183),(976,'Shahbazpur',183),(977,'Usari',183),(978,'Bahera',184),(979,'Bhadaula',184),(980,'Pachpokhari',184),(981,'Sakri',184),(982,'Salthua',184),(983,'Sasna',184),(984,'Siswar',184),(985,'Awarhiya',185),(986,'Chehariya',185),(987,'Chhaw',185),(988,'Dharhar',185),(989,'Amhara',92),(990,'Balgudar',92),(991,'Bilauri',92),(992,'Khagor',92),(993,'Mahisauna',92),(994,'Morma',92),(995,'Ajni Ghat',93),(996,'Dumri',93),(997,'Gangasarai',93),(998,'Laxmipur',93),(999,'Pali',93),(1000,'Ballopur',94),(1001,'Bhanpura',94),(1002,'Kaindi',94),(1003,'Mohaddinagar',94),(1004,'Pratappur',94),(1005,'Sadhmaf',94),(1006,'Aure',95),(1007,'Bhabaria',95),(1008,'Billo',95),(1009,'Nand Nama',95),(1010,'Nongarh',95),(1011,'Sharma',95),(1012,'Surari Imam Nagar',95),(1013,'Tetarhat',95),(1014,'Ali Nagar',96),(1015,'Amarpur',96),(1016,'Arma',96),(1017,'Kiranpur',96),(1018,'Losghani',96),(1019,'Madanpur',96),(1020,'Urain',96),(1021,'Mohanpur',97),(1022,'Olipur',97),(1023,'Pipariya',97),(1024,'Ramchandarpur',97),(1025,'Saidpura',97),(1026,'Katariya',98),(1027,'Kutlupur Diyara',98),(1028,'Mahuli',98),(1029,'Tarapur Diyara',98),(1030,'Tikarampur',98),(1031,'Zafarnagar',98),(1032,'Bariyarpur (north)',99),(1033,'Bariyarpur (south)',99),(1034,'Karhariya (south)',99),(1035,'Karhariya (west)',99),(1036,'Nirpur',99),(1037,'Pariya',99),(1038,'Amari',100),(1039,'Dharahra (south)',100),(1040,'Etwa',100),(1041,'Hemjapur',100),(1042,'Mahgama',100),(1043,'Matadih',100),(1044,'Orabagicha',100),(1045,'Bank',101),(1046,'Etahari',101),(1047,'Indrukh (east)',101),(1048,'Indrukh (west)',101),(1049,'Parham',101),(1050,'Singhia',101),(1051,'Bahira',102),(1052,'Naki',102),(1053,'Ramankabad East',102),(1054,'Ramankabad West',102),(1055,'Rataitha',102),(1056,'Teliadih',102),(1057,'Afjalnagar',103),(1058,'Beladih',103),(1059,'Bihma',103),(1060,'Manikpur',103),(1061,'Parbhara',103),(1062,'Rampur-bishay',103),(1063,'Bangama',104),(1064,'Nonaji',104),(1065,'Tetia',104),(1066,'Biyawani',105),(1067,'Chhabila Pur',105),(1068,'Dumrawan',105),(1069,'Tiuri',105),(1070,'Tungi',105),(1071,'Aant',106),(1072,'Akauna',106),(1073,'Arawan',106),(1074,'Maijara',106),(1075,'Nohsa',106),(1076,'Amanwan',107),(1077,'Andi',107),(1078,'Noanwan',107),(1079,'Oiyav',107),(1080,'Onda',107),(1081,'Bind',108),(1082,'Jahana',108),(1083,'Jamsari',108),(1084,'Amroura',109),(1085,'Araut',109),(1086,'Madhopur',109),(1087,'Mahkar',109),(1088,'Narsanda',109),(1089,'Sirnawan',109),(1090,'Tulsigarh',109),(1091,'Amanar Khas',110),(1092,'Keshopur',110),(1093,'Kosiyawan',110),(1094,'Mandachh',110),(1095,'Raitar',111),(1096,'Sataua',111),(1097,'Basniyawan',112),(1098,'Brah',112),(1099,'Chero',112),(1100,'Mudhari',112),(1101,'Nehusa',112),(1102,'Pachaura',112),(1103,'Pakar',112),(1104,'Powari',112),(1105,'Akabarpur',113),(1106,'Arpa',113),(1107,'Asari',113),(1108,'Mirjapur',113),(1109,'Puna',113),(1110,'Reri',113),(1111,'Yogi Pur',113),(1112,'Aatama',114),(1113,'Bardaha',114),(1114,'Bardih',114),(1115,'Panahar',114),(1116,'Panchlowa',114),(1117,'Ranipur',114),(1118,'Sakari',114),(1119,'Sanda',114),(1120,'Sudhi',114),(1121,'Berthu',115),(1122,'Diyawan',115),(1123,'Goundu Bigha',115),(1124,'Darweshpura',116),(1125,'Katauna',116),(1126,'Katri',116),(1127,'Maira Barith',116),(1128,'Ariyawan',117),(1129,'Goraipur',117),(1130,'Kachhiyawan',117),(1131,'Kaila',117),(1132,'Khajura',117),(1133,'Ajaypur',118),(1134,'Daruara',118),(1135,'Doiya',118),(1136,'Jagdishpur Tiari',118),(1137,'Nirdur',118),(1138,'Noorsarai',118),(1139,'Paparnousa',118),(1140,'Rasalpur',118),(1141,'Alawan',119),(1142,'Chausanda',119),(1143,'Shivnagar',119),(1144,'Barnousa',120),(1145,'Bhui',120),(1146,'Gorour',120),(1147,'Lodipur',120),(1148,'Nai Pokhar',120),(1149,'Pathroura',120),(1150,'Chero',121),(1151,'Kenar',121),(1152,'Malawan',121),(1153,'Mirnagar',121),(1154,'Sasaura',121),(1155,'Barakar',122),(1156,'Mahuri',122),(1157,'Nanand',122),(1158,'Nirpur',122),(1159,'Pawadih',122),(1160,'Sabbait',122),(1161,'Amera',123),(1162,'Asta',123),(1163,'Chhariyari',123),(1164,'Tharthari',123),(1165,'Aanti',124),(1166,'Oraina',124),(1167,'Paura',124),(1168,'Samai',124),(1169,'Sonsihari',124),(1170,'Baksanda',125),(1171,'Gobind Bigha',125),(1172,'Kulana',125),(1173,'Ledaha',125),(1174,'Paijuna',125),(1175,'Panti',125),(1176,'Parato Karhari',125),(1177,'Sakarpura',125),(1178,'Teyar',125),(1179,'Baksauti',126),(1180,'Baniya Bigha',126),(1181,'Sughri',126),(1182,'Bagodar',127),(1183,'Chhatihar',127),(1184,'Chitarghatti',127),(1185,'Sonsa',127),(1186,'Tungi',127),(1187,'Belar',128),(1188,'Birnanwan',128),(1189,'Parwati',128),(1190,'Subhanpur',128),(1191,'Chhabail',129),(1192,'Nawadih',129),(1193,'Paharpur',129),(1194,'Pali',129),(1195,'Pandey Gangaut',129),(1196,'Sarauni',129),(1197,'Sekhodewra',129),(1198,'Ankri Pandeybigha',130),(1199,'Badosar',130),(1200,'Barat',130),(1201,'Biju Bigha',130),(1202,'Bisiyait',130),(1203,'Sahwajpur Saray',130),(1204,'Narhat',131),(1205,'Pali Khurd',131),(1206,'Punaul',131),(1207,'Punthar',131),(1208,'Saidapur Gowasa',131),(1209,'Shekhpura',131),(1210,'Aruri',132),(1211,'Belkhunda',132),(1212,'Konandpur',132),(1213,'Pakribarawan North',132),(1214,'Pakribarawan South',132),(1215,'Poksi',132),(1216,'Ukaura',132),(1217,'Hardia',133),(1218,'Jogya Maran',133),(1219,'Lengura',133),(1220,'Murhaina',133),(1221,'Rajauli East',133),(1222,'Takunatand',133),(1223,'Bhatta',134),(1224,'Bhikhanpur',134),(1225,'Ohari',134),(1226,'Roh',134),(1227,'Samahrigadh',134),(1228,'Siur',134),(1229,'Abdul',135),(1230,'Khanpura',135),(1231,'Khatangi',135),(1232,'Laund',135),(1233,'Rajan',135),(1234,'Sanrh Majhagawan',135),(1235,'Sirdalla',135),(1236,'Upardih',135),(1237,'Manjaur',136),(1238,'Mohiuddinpur',136),(1239,'Mosama',136),(1240,'Paingari',136),(1241,'Saur',136),(1242,'Shahpur',136),(1243,'Fatehpur',137),(1244,'Mahuli',137),(1245,'Marchi',137),(1246,'Nakta Diyara',137),(1247,'Punadih',137),(1248,'Sabalpur',137),(1249,'Sonawa Pur',137),(1250,'Alipur Bihta',138),(1251,'Bidhipur Narauli',138),(1252,'Champa Pur',138),(1253,'Chiraiya Rupas',138),(1254,'Doma',138),(1255,'Ghangah',138),(1256,'Ghoswari',138),(1257,'Hardaspur Diara',138),(1258,'Satbhaiya Ram Nagar',138),(1259,'Agwanpur',139),(1260,'Berhana East',139),(1261,'Berhana West',139),(1262,'Bhatgawn',139),(1263,'Dhanwan Mobarakpur',139),(1264,'Shohari',139),(1265,'Anandpur',140),(1266,'Bela',140),(1267,'Bindaul',140),(1268,'Bishunpura',140),(1269,'Sadisopur',140),(1270,'Sikandarpur',140),(1271,'Akhtyarpur Manjhauli',141),(1272,'Arap',141),(1273,'Sunderpur Chauthiyan',141),(1274,'Wazirpur',141),(1275,'Ganghara',142),(1276,'Hathia Kandh',142),(1277,'Patla Pur',142),(1278,'Purani Panapur',142),(1279,'Sarari',142),(1280,'Bahrampur',143),(1281,'Baribigha',143),(1282,'Barni',143),(1283,'Bijaypura',143),(1284,'Pabhera',143),(1285,'Patharhat',143),(1286,'Sanda',143),(1287,'Satparsa',143),(1288,'Sonmai',143),(1289,'Achhua Rakasiya',144),(1290,'Ainkhan Bhimnichak',144),(1291,'Bharatpura',144),(1292,'Dhana Nisarpura',144),(1293,'Kab',144),(1294,'Ular Sorampur',144),(1295,'Alawal Pur',145),(1296,'Bali',145),(1297,'Dumari',145),(1298,'Gauri Punda',145),(1299,'Jaita',145),(1300,'Jethuli',145),(1301,'Kolhar',145),(1302,'Alawalpur',146),(1303,'Baikatpur',146),(1304,'Chaura',146),(1305,'Haibatpur',146),(1306,'Sadikpur',147),(1307,'Sarai',147),(1308,'Sherpur East',147),(1309,'Sherpur West',147),(1310,'Singhara',147),(1311,'Suwarmarwah',147),(1312,'Bara',148),(1313,'Lakhnaur-bedauli',148),(1314,'Nadaul',148),(1315,'Nishiyawan',148),(1316,'Nura',148),(1317,'Rewan',148),(1318,'Shahabad',148),(1319,'Tineri',148),(1320,'Aunta',149),(1321,'Mor (east)',149),(1322,'Mor (west)',149),(1323,'Nauranga Jalalpur',149),(1324,'Rampur Dumra',149),(1325,'Shivnar',149),(1326,'Adla',150),(1327,'Ajwan',150),(1328,'Badi Tengraila',150),(1329,'Bara',150),(1330,'Chak-chechoul',150),(1331,'Karanja Gowai',150),(1332,'Khajuri',150),(1333,'Nawdiha',150),(1334,'Nawhi',150),(1335,'Savar Chak',150),(1336,'Ajda Sikariya',151),(1337,'Akbarpur Ranipur',151),(1338,'Bherhariya Siyarampur',151),(1339,'Chandhos',151),(1340,'Chiksi',151),(1341,'Masaudha Jalpura',151),(1342,'Mouri Piyarpura',151),(1343,'Mera Patouna',151),(1344,'Mudika',151),(1345,'Nadahari Kodahari',151),(1346,'Rampur Nagwan',151),(1347,'Ajgara Bakawan',152),(1348,'Baraune Bathoi',152),(1349,'Bihari Bigha',152),(1350,'Chakjalal',152),(1351,'Dabhawan',152),(1352,'Gowasa Shekhpura',152),(1353,'Khushhal Chak',152),(1354,'Kondi',152),(1355,'Bhusaula Danapur',153),(1356,'Chilbilli',153),(1357,'Dhiwara',153),(1358,'Gonpura',153),(1359,'Koriayawan',153),(1360,'Kurkuri',153),(1361,'Chipura',154),(1362,'Kanauji Kachuara',154),(1363,'Kandap Taranpur',154),(1364,'Lanka Kachuara',154),(1365,'Akasi',155),(1366,'Rampur',155),(1367,'Samardiha',155),(1368,'Sikaria',155),(1369,'Uchitpur',155),(1370,'Akorhi',156),(1371,'Bagha Khoh',156),(1372,'Balegawan',156),(1373,'Bank',156),(1374,'Bararhi',156),(1375,'Baruna',156),(1376,'Biseni Kala',156),(1377,'Chandi',156),(1378,'Muriar',156),(1379,'Manpur',157),(1380,'Mohini',157),(1381,'Morauna',157),(1382,'Nonhar',157),(1383,'Shiwpur',157),(1384,'Dewdihi',158),(1385,'Dihriya',158),(1386,'Fulwariya',158),(1387,'Pewandi',158),(1388,'Sadokhar',158),(1389,'Ugahani',158),(1390,'Babhnaul',159),(1391,'Dawath',159),(1392,'Dergaun',159),(1393,'Sahi Naun',159),(1394,'Semari',159),(1395,'Usari',159),(1396,'Barawan',160),(1397,'Berkap',160),(1398,'Bhainsaha',160),(1399,'Majhiawan',160),(1400,'Mathuri',160),(1401,'Pahleza',160),(1402,'Patpura',160),(1403,'Akodha',161),(1404,'Medani Pur',161),(1405,'Rajpur',161),(1406,'Saiser',161),(1407,'Samhuti',161),(1408,'Sarawan',161),(1409,'Tenuaj',161),(1410,'Amartha',162),(1411,'Amona',162),(1412,'Baradih',162),(1413,'Bensagar',162),(1414,'Kirhi',162),(1415,'Motha',162),(1416,'Munji',162),(1417,'Sakla',162),(1418,'Sikaria',162),(1419,'Sonbarsa',162),(1420,'Agarsi Dihra',163),(1421,'Balathari',163),(1422,'Chitawn',163),(1423,'Narwar',163),(1424,'Nauwan',163),(1425,'Redia',163),(1426,'Saraya',163),(1427,'Amiawar',164),(1428,'Atimi',164),(1429,'Dehari',164),(1430,'Dhanaw',164),(1431,'Pokharaha',164),(1432,'Bhadara',165),(1433,'Daranagar',165),(1434,'Jadunath Pur',165),(1435,'Jayantipur',165),(1436,'Nauhatta',165),(1437,'Ulli Banahi',165),(1438,'Chanki',166),(1439,'Chhatauna',166),(1440,'Dakshini Baraon',166),(1441,'Dharmpura',166),(1442,'Hathini',166),(1443,'Sisirita',166),(1444,'Sotwa',166),(1445,'Uttari Baraon',166),(1446,'Barawn',167),(1447,'Barna',167),(1448,'Magarwalia',167),(1449,'Rotwan',167),(1450,'Shiyawak',167),(1451,'Baknaura',168),(1452,'Rohtas Garh',168),(1453,'Samohta',168),(1454,'Telcup',168),(1455,'Tumba',168),(1456,'Amaithi',169),(1457,'Chandi English',169),(1458,'Udai Pur',169),(1459,'Bhadokhra',170),(1460,'Kerpa',170),(1461,'Ramdihra',170),(1462,'Saraiya',170),(1463,'Sewahi',170),(1464,'Tilouthu East',170),(1465,'Tilouthu West',170),(1466,'Audhey',171),(1467,'Gagari',171),(1468,'Lodipur',171),(1469,'Mahsar',171),(1470,'Mehuns',171),(1471,'Pachna',171),(1472,'Pain',171),(1473,'Puraina',171),(1474,'Hazratpur Madro',172),(1475,'Husainabad',172),(1476,'Kasar',172),(1477,'Sanaiya',172),(1478,'Varuna',172),(1479,'Sarba',173),(1480,'Teus',173),(1481,'Chakandra',174),(1482,'Chhathiyara',174),(1483,'Ekrama',174),(1484,'Lahna',174),(1485,'Lohan',174),(1486,'Siyani',174),(1487,'Bhadausi',175),(1488,'Dihkusumbha',175),(1489,'Panapur',175),(1490,'Ambari',176),(1491,'Belaw',176),(1492,'Onama',176),(1493,'Panchi',176);
/*!40000 ALTER TABLE `panchayat` ENABLE KEYS */;
UNLOCK TABLES;

--
-- Table structure for table `roles`
--

DROP TABLE IF EXISTS `roles`;
/*!40101 SET @saved_cs_client     = @@character_set_client */;
/*!50503 SET character_set_client = utf8mb4 */;
CREATE TABLE `roles` (
  `id` int NOT NULL AUTO_INCREMENT,
  `role_name` varchar(50) NOT NULL,
  PRIMARY KEY (`id`)
) ENGINE=InnoDB AUTO_INCREMENT=5 DEFAULT CHARSET=utf8mb4 COLLATE=utf8mb4_0900_ai_ci;
/*!40101 SET character_set_client = @saved_cs_client */;

--
-- Dumping data for table `roles`
--

LOCK TABLES `roles` WRITE;
/*!40000 ALTER TABLE `roles` DISABLE KEYS */;
INSERT INTO `roles` VALUES (1,'JEE'),(2,'MI'),(3,'AEE'),(4,'Consumer');
/*!40000 ALTER TABLE `roles` ENABLE KEYS */;
UNLOCK TABLES;

--
-- Table structure for table `section`
--

DROP TABLE IF EXISTS `section`;
/*!40101 SET @saved_cs_client     = @@character_set_client */;
/*!50503 SET character_set_client = utf8mb4 */;
CREATE TABLE `section` (
  `id` int NOT NULL AUTO_INCREMENT,
  `name` varchar(100) NOT NULL,
  `sub_division_id` int DEFAULT NULL,
  PRIMARY KEY (`id`),
  KEY `sub_division_id` (`sub_division_id`),
  CONSTRAINT `section_ibfk_1` FOREIGN KEY (`sub_division_id`) REFERENCES `sub_division` (`id`) ON DELETE CASCADE
) ENGINE=InnoDB AUTO_INCREMENT=186 DEFAULT CHARSET=utf8mb4 COLLATE=utf8mb4_0900_ai_ci;
/*!40101 SET character_set_client = @saved_cs_client */;

--
-- Dumping data for table `section`
--

LOCK TABLES `section` WRITE;
/*!40000 ALTER TABLE `section` DISABLE KEYS */;
INSERT INTO `section` VALUES (1,'Arwal',1),(2,'Kaler',1),(3,'Atuallah',1),(4,'Kurtha',1),(5,'Banshi',1),(6,'Aurangabad',2),(7,'Madanpur',2),(8,'Deo',2),(9,'Rafiganj',2),(10,'Goh',2),(11,'Daudnagar',3),(12,'Obra',3),(13,'Haspura',3),(14,'Barun',3),(15,'Kutumba',3),(16,'Nabinagar',3),(17,'Amarpur',11),(18,'Banka',11),(19,'Barahat',11),(20,'Belhar',11),(21,'Bounsi',11),(22,'Chandan',11),(23,'Dhoraiya',11),(24,'Fullidumer',11),(25,'Katoriya',11),(26,'Rajoun',11),(27,'Sambhuganj',11),(28,'Goradih',12),(29,'Jagdispur',12),(30,'Nathnargar ',12),(31,'Sabour',12),(32,'Shahkund',12),(33,'Sultanganj',12),(34,'Kahalgaon',13),(35,'Pirpainty',13),(36,'Sanhaula',13),(37,'Bihpur',14),(38,'Gopalpur',14),(39,'Ismailpur',14),(40,'Kharik',14),(41,'Narayanpur',14),(42,'Nargachhia',14),(43,'Rangrachowk',14),(44,'Buxar',27),(45,'Itrahi',27),(46,'Chausa',27),(47,'Rajpur',27),(48,'Dumraon',28),(49,'Nawanagar',28),(50,'Brahanpur',28),(51,'Kesath',28),(52,'Chakki',28),(53,'Chougain',28),(54,'Simri',28),(55,'Gaya ',4),(56,'Belaganj',4),(57,'Wazirganj',4),(58,'Manpur',4),(59,'Bodhgaya',4),(60,'Tankuppa',4),(61,'Fatehpur',4),(62,'Konch',7),(63,'Tekari',7),(64,'Guraru',7),(65,'Paraiya',7),(66,'Khizarsarai',5),(67,'Atri',7),(68,'Neemchak Bathani',7),(69,'Mohri',7),(70,'Gurua',6),(71,'Amas',6),(72,'Banke Bazar',6),(73,'Imamganj',6),(74,'Dumariya',6),(75,'Baraht',15),(76,'Chakai',15),(77,'Gidhor',15),(78,'Islamnagar Aliganj',15),(79,'Jamui ',15),(80,'Jhajha',15),(81,'Kharia',15),(82,'Laxmipur',15),(83,'Sikandra',15),(84,'Sono',8),(85,'Jehanabad',8),(86,'Makhdumpur',8),(87,'Ghosii',8),(88,'Hulasganj',8),(89,'Ratni Faridpur',8),(90,'Modanganj',8),(91,'Kako',8),(92,'Adhaura',22),(93,'Bhabhua',22),(94,'Bhawanpur',22),(95,'Chainpur',22),(96,'Chand',22),(97,'Rampur',22),(98,'Mohania',23),(99,'Kudra',23),(100,'Durgaw',23),(101,'Lakhisarai',16),(102,'Barahiya',16),(103,'Halsi',16),(104,'Rangarh Chowk',16),(105,'Surajgarha',16),(106,'Pipariya',16),(107,'Munger',19),(108,'Bariarpur',19),(109,'Dharhara',19),(110,'Jamalpur',19),(111,'Kharagpur',18),(112,'Tarapur',20),(113,'Tetiya Bamber',17),(114,'Bihar Sharif',24),(115,'Ben',25),(116,'Asthawan',24),(117,'Bind',24),(118,'Chandi',24),(119,'Ekangarsarai',26),(120,'Giriyak',25),(121,'Harnaut',24),(122,'Hilsa',26),(123,'Islampur',26),(124,'Karai Parsuarai',24),(125,'Katrisarai',24),(126,'Nagarnausa',24),(127,'Noorsarai',24),(128,'Parwalpur',26),(129,'Rajgir',25),(130,'Sarmera',26),(131,'Sialo',25),(132,'Tharthari',24),(133,'Nawada',10),(134,'Akbarpur',10),(135,'Gobinpur',9),(136,'Hisua',9),(137,'Kashichak',9),(138,'Kawakol',10),(139,'Meskaur',10),(140,'Narhat',9),(141,'Pakribarawan',10),(142,'Rajauli',10),(143,'Roh',10),(144,'Sirdala',9),(145,'Warisaliganj',33),(146,'Patna',33),(147,'Bakhtiarpur',29),(148,'Barh',29),(149,'Bihta',30),(150,'Bikram',32),(151,'Danapur',30),(152,'Dhanarua',31),(153,'Dulhin Bazar',32),(154,'Fatwah',34),(155,'Khusrupur',34),(156,'Maner',30),(157,'Masaurhi',31),(158,'Mokama',29),(159,'Naubatpur',30),(160,'Paliganj',32),(161,'Pandark',29),(162,'Phulwari Sharif',33),(163,'Sampatchak',33),(164,'Sasaram',35),(165,'Akorhi Gola',37),(166,'Bikramganj',36),(167,'Chenari',35),(168,'Dawath',36),(169,'Dehri',37),(170,'Dianara',37),(171,'Karakat',35),(172,'Kochas',36),(173,'Nasriganj',36),(174,'Nauhatta',35),(175,'Nokha',37),(176,'Rajpur',36),(177,'Rohtas',35),(178,'Sanjhauli',36),(179,'Tilouthu',35),(180,'Sheikhpura',21),(181,'Ariari',21),(182,'Barbigha',21),(183,'Chewara',21),(184,'Ghat Kusumbha',21),(185,'Sheikhopur Sarai',21);
/*!40000 ALTER TABLE `section` ENABLE KEYS */;
UNLOCK TABLES;

--
-- Table structure for table `sub_division`
--

DROP TABLE IF EXISTS `sub_division`;
/*!40101 SET @saved_cs_client     = @@character_set_client */;
/*!50503 SET character_set_client = utf8mb4 */;
CREATE TABLE `sub_division` (
  `id` int NOT NULL AUTO_INCREMENT,
  `name` varchar(100) NOT NULL,
  `division_id` int DEFAULT NULL,
  PRIMARY KEY (`id`),
  KEY `division_id` (`division_id`),
  CONSTRAINT `sub_division_ibfk_1` FOREIGN KEY (`division_id`) REFERENCES `division` (`id`) ON DELETE CASCADE
) ENGINE=InnoDB AUTO_INCREMENT=38 DEFAULT CHARSET=utf8mb4 COLLATE=utf8mb4_0900_ai_ci;
/*!40101 SET character_set_client = @saved_cs_client */;

--
-- Dumping data for table `sub_division`
--

LOCK TABLES `sub_division` WRITE;
/*!40000 ALTER TABLE `sub_division` DISABLE KEYS */;
INSERT INTO `sub_division` VALUES (1,'Arwal',2),(2,'Aurangabad',2),(3,'Daudnagar',2),(4,'Gaya Sadar',2),(5,'Neemchak Bathani',2),(6,'Sherghati',2),(7,'Tekari',2),(8,'Jehanabad',2),(9,'Nawada',2),(10,'Rajauli',2),(11,'Banka',1),(12,'Bhagalpur',1),(13,'Kahlgaon',1),(14,'Naugachhia',1),(15,'Jamui',3),(16,'Lakhisarai',3),(17,'Haveli',3),(18,'Kharagpur',3),(19,'Munger',3),(20,'Tarapur',3),(21,'Sheikhpura',3),(22,'Bhabhua',4),(23,'Mohania',4),(24,'Biharsharif',4),(25,'Rajgir',4),(26,'Hilsa',4),(27,'Buxar',4),(28,'Dumraon',4),(29,'Barh',4),(30,'Danapur',4),(31,'Masaurhi',4),(32,'Paliganj',4),(33,'Patna Sadar',4),(34,'Patna City',4),(35,'Sasaram',4),(36,'Bikramganj',4),(37,'Dehri',4);
/*!40000 ALTER TABLE `sub_division` ENABLE KEYS */;
UNLOCK TABLES;

--
-- Table structure for table `users`
--

DROP TABLE IF EXISTS `users`;
/*!40101 SET @saved_cs_client     = @@character_set_client */;
/*!50503 SET character_set_client = utf8mb4 */;
CREATE TABLE `users` (
  `user_id` varchar(20) NOT NULL,
  `name` varchar(100) NOT NULL,
  `phone_no` varchar(15) NOT NULL,
  `password` varchar(255) NOT NULL,
  `role_id` int NOT NULL,
  `section_id` varchar(45) DEFAULT NULL,
  PRIMARY KEY (`user_id`),
  UNIQUE KEY `phone_no` (`phone_no`),
  KEY `fk_role` (`role_id`),
  CONSTRAINT `fk_role` FOREIGN KEY (`role_id`) REFERENCES `roles` (`id`)
) ENGINE=InnoDB DEFAULT CHARSET=utf8mb4 COLLATE=utf8mb4_0900_ai_ci;
/*!40101 SET character_set_client = @saved_cs_client */;

--
-- Dumping data for table `users`
--

LOCK TABLES `users` WRITE;
/*!40000 ALTER TABLE `users` DISABLE KEYS */;
INSERT INTO `users` VALUES ('AEE001','AEE','9876543203','aee456',3,'3'),('CNS25713B','John Doe','7050913685','doedoe789',4,NULL),('CNS6A29B6','Mansi','8754965243','man456',4,NULL),('CNS98EE03','Pooja Sharma','9123456789','pooja@456',4,NULL),('CNSA1B33C','Yasrab','9603540582','yasrab123',4,NULL),('CNSB7E443','Rahul Kumar','9988776655','rahul123',4,NULL),('JEE001','JEE','9876543201','jee456',1,'3'),('JEE002','Amit','9876543210','amit123',1,'1'),('MI001','MI','9876543202','mi123',2,'3');
/*!40000 ALTER TABLE `users` ENABLE KEYS */;
UNLOCK TABLES;

--
-- Table structure for table `village_ward`
--

DROP TABLE IF EXISTS `village_ward`;
/*!40101 SET @saved_cs_client     = @@character_set_client */;
/*!50503 SET character_set_client = utf8mb4 */;
CREATE TABLE `village_ward` (
  `id` int NOT NULL AUTO_INCREMENT,
  `name` varchar(100) NOT NULL,
  `panchayat_id` int DEFAULT NULL,
  `section_id` int DEFAULT NULL,
  PRIMARY KEY (`id`),
  KEY `panchayat_id` (`panchayat_id`),
  KEY `fk_section` (`section_id`),
  CONSTRAINT `fk_section` FOREIGN KEY (`section_id`) REFERENCES `section` (`id`),
  CONSTRAINT `village_ward_ibfk_1` FOREIGN KEY (`panchayat_id`) REFERENCES `panchayat` (`id`) ON DELETE CASCADE
) ENGINE=InnoDB AUTO_INCREMENT=2615 DEFAULT CHARSET=utf8mb4 COLLATE=utf8mb4_0900_ai_ci;
/*!40101 SET character_set_client = @saved_cs_client */;

--
-- Dumping data for table `village_ward`
--

LOCK TABLES `village_ward` WRITE;
/*!40000 ALTER TABLE `village_ward` DISABLE KEYS */;
INSERT INTO `village_ward` VALUES (1,'Abgila',1,1),(2,'Goura',1,1),(3,'Itawa',1,1),(4,'Rajpur Bishunpur',1,1),(5,'Haibatpur',1,1),(6,'Mohammadpurgahna',2,1),(7,'Kansupur',2,1),(8,'Pipra Bangla',2,1),(9,'Hasanpur Pipra',2,1),(10,'Bania Bigha',2,1),(11,'Amra',2,1),(12,'Bhusura',3,1),(13,'Saifabad',4,1),(14,'Bhadasi',4,1),(15,'Jalpura',4,1),(16,'Pheku Bigha',4,1),(17,'Chiraia Tanr',5,1),(18,'Gaddopur',5,1),(19,'Madanpur Dhawa',5,1),(20,'Makbulpur Raja',5,1),(21,'Bhermpur Khapura',5,1),(22,'Rampur',5,1),(23,'Fakharpur',5,1),(24,'Dhoraha',5,1),(25,'Khamhaini',6,1),(26,'Harna',6,1),(27,'Yakubpur',6,1),(28,'Nasirpur Sarwar',6,1),(29,'Bichlagawan',7,1),(30,'Sumera',7,1),(31,'Chakia',7,1),(32,'Parasi',7,1),(33,'Dangra Ahar',8,1),(34,'Piare Chak',8,1),(35,'Darwesh Pura',8,1),(36,'Sarwan',8,1),(37,'Bazidpur',8,1),(38,'Rampur Waina',9,1),(39,'Fatehpur Saurha',9,1),(40,'Saidpur',9,1),(41,'Bahadurpur',9,1),(42,'Konika',10,1),(43,'Sakri',10,1),(44,'Sonbarsa Makbulpur Alauddin',10,1),(45,'Madan Singhka Bigha',10,1),(46,'Sonbarsa',10,1),(47,'Aslampur Dullah',10,1),(48,'Sarauti',11,1),(49,'Ranapur',11,1),(50,'Rampur Chauram',11,1),(51,'Koriam',12,1),(52,'Bara',12,1),(53,'Satpura',12,1),(54,'Sonbarsa',12,1),(55,'Nawada',13,2),(56,'Belawan',13,2),(57,'Sarwarpur',14,2),(58,'Durgapur',14,2),(59,'Rajpura',14,2),(60,'Belsar',14,2),(61,'Chauki',14,2),(62,'Injor',15,2),(63,'Shahbajpur Dhawai',15,2),(64,'Khaira',15,2),(65,'Goind',15,2),(66,'Kalandara',15,2),(67,'Rupaich',15,2),(68,'Niranjanpur',16,2),(69,'Khushdihra',16,2),(70,'Jamuhari',16,2),(71,'Ismailpur Koil',16,2),(72,'Turkharsa',16,2),(73,'Koilbhupat',16,2),(74,'Koni',17,2),(75,'Jaipur',17,2),(76,'Simbhua',17,2),(77,'Bakhtar',17,2),(78,'Parasrampur',18,2),(79,'Bath',18,2),(80,'Kamta',18,2),(81,'Lodipur',19,2),(82,'Musepur',19,2),(83,'Mainpura',19,2),(84,'Upadhea Bigha',19,2),(85,'Kathrain',19,2),(86,'Wojha Bigha',19,2),(87,'	Agnur ',20,2),(88,'Mehdiyabad',21,2),(89,'Pahleja',21,2),(90,'Fatehabad',21,2),(91,'Masadpur',22,2),(92,'Bhagwanpur',22,2),(93,'Sohsa',22,2),(94,'Kharsa',22,2),(95,'Kaler',23,2),(96,'Kaler',23,2),(97,'Pasrampur',24,2),(98,'Hirdai Chak',24,2),(99,'Teri',24,2),(100,'Hardia',25,2),(101,'Maraila',25,2),(102,'Usri',25,2),(103,'Maneri Bigha',25,2),(104,'Ballopur',26,2),(105,'Makhmulpur',26,2),(106,'Sikandarpur Dhawai',26,2),(107,'Bhikhanpur Dhawai',26,2),(108,'Daulatpur Dhawai',26,2),(109,'Walidad',26,2),(110,'Mahrauli',26,2),(111,'Tawakala',27,2),(112,'Gorkatta',27,2),(113,'Sakri',27,2),(114,'Chauki',27,2),(115,'Masuda',27,2),(116,'Dariyapur',28,3),(117,'Inglish Gulab Singh',28,3),(118,'Patak Chak',28,3),(119,'Aiyara',28,3),(120,'Laraua',28,3),(121,'Kasauti',29,3),(122,'Abgila',29,3),(123,'Bambhai',29,3),(124,'Shekhpura',30,3),(125,'Belkharakhas',30,3),(126,'Chauhar',31,3),(127,'Chauhar Chak',31,3),(128,'Kudrasi',31,3),(129,'Pakri',31,3),(130,'Bazidpur',31,3),(131,'Kutubpur Tera',32,3),(132,'Durra',32,3),(133,'Bara Nathu',32,3),(134,'Rasulpur Tetara',32,3),(135,'Karpi ',33,3),(136,'Keal',34,3),(137,'Kinjar',35,3),(138,'Sohsa',35,3),(139,'Karehri',35,3),(140,'Khojan',35,3),(141,'Nagla',35,3),(142,'Murarhi',36,3),(143,'Mahasi Chak',36,3),(144,'Samanpur Baddo',36,3),(145,'Bara',36,3),(146,'Jhikatia',36,3),(147,'Salarpur',36,3),(148,'Manirampur',36,3),(149,'Bhagwatipur',36,3),(150,'Milki',36,3),(151,'Nagawan',37,3),(152,'Tekari',37,3),(153,'Jhunathi',37,3),(154,'Hajipur',37,3),(155,'Rasulpur Pariyari',37,3),(156,'Salempur',37,3),(157,'Belkhari Chak',38,3),(158,'Nadi Khurd',38,3),(159,'Belkari',38,3),(160,'Narga',38,3),(161,'Kusre',38,3),(162,'Hajipur',38,3),(163,'Mahmadpur Bara',39,3),(164,'Gainari',39,3),(165,'Majidpur',39,3),(166,'Mahmadpura',39,3),(167,'Pariyari',39,3),(168,'Mirzapur',39,3),(169,'Kanaia Chak',39,3),(170,'Purainia Ruknuddin',40,3),(171,'Purainia Shekha',40,3),(172,'Latifpur Paraha',40,3),(173,'Lodipur',40,3),(174,'Masudpur Bara',40,3),(175,'Katesar',41,3),(176,'Puran',41,3),(177,'Jonha',41,3),(178,'Baghra',41,3),(179,'Piraho',42,3),(180,'Rampurchae',42,3),(181,'Khalslpura',43,3),(182,'Kohraul',43,3),(183,'Baroha',43,3),(184,'Bazidpur Karwa',43,3),(185,'Mahpur Bara',43,3),(186,'Rohai',43,3),(187,'Manjhupur',43,3),(188,'Bakhtari',43,3),(189,'Shahar Telpa',44,3),(190,'Khajuri',45,3),(191,'Sarmastpur Newana',45,3),(192,'Karwahankar',45,3),(193,'Ghazipur',45,3),(194,'Pachkesar',45,3),(195,'Makbulpur Angari',46,3),(196,'Angari',46,3),(197,'Angarichak',46,3),(198,'Kochahsa',46,3),(199,'Bazidpur',46,3),(200,'Alawalpur',47,4),(201,'Utranwan',47,4),(202,'Basatpur',47,4),(203,'Ahmadpur Harna',47,4),(204,'Jagdispur',47,4),(205,'Shahopur',47,4),(206,'Lari',47,4),(207,'Makhdumpur',48,4),(208,'Sura',48,4),(209,'Kubri',48,4),(210,'Bara',48,4),(211,'Benipur',48,4),(212,'Khaira',49,4),(213,'Helalpur',49,4),(214,'Ibrahimpur',49,4),(215,'Qamariya Chak',49,4),(216,'Qamariya',49,4),(217,'Dakra',49,4),(218,'Kimdar Chak',49,4),(219,'Narhi',49,4),(220,'Musarhi',50,4),(221,'Madarpur',50,4),(222,'Painathi',50,4),(223,'Dhondar',50,4),(224,'Alawalpur',50,4),(225,'Saidpur',50,4),(226,'Kod Marai',50,4),(227,'Jogiyanala',50,4),(228,'Molna Chak',50,4),(229,'Darheta',50,4),(230,'Manikpur',51,4),(231,'Pirhi',51,4),(232,'Bishunpur',51,4),(233,'Rajepur',51,4),(234,'Koni',51,4),(235,'Gokhulpur',52,4),(236,'Belbhadarpur',52,4),(237,'Harpur',52,4),(238,'Nadaura',52,4),(239,'Salehpur',52,4),(240,'Semuara',52,4),(241,'Shahbazpur',52,4),(242,'Barahiya',52,4),(243,'Baid Bigha',52,4),(244,'Tali',52,4),(245,'Bahbalpur',52,4),(246,'Milki',52,4),(247,'Mahmadpur',52,4),(248,'Salempur',52,4),(249,'Lodipur',53,4),(250,'Chhatoi',53,4),(251,'Nighwan',53,4),(252,'Motipur',54,4),(253,'Gangea',54,4),(254,'Pinjranwan',54,4),(255,'Manikpur',54,4),(256,'Kurkuri',54,4),(257,'Mohibullah Chak',54,4),(258,'Kothiya',54,4),(259,'Molha Chak',55,4),(260,'Partappur',55,4),(261,'Gangapur',55,4),(262,'Phulsathar',55,4),(263,'Sachai',55,4),(264,'Sikaria',55,4),(265,'Nezampur',55,4),(266,'Dharnai',56,5),(267,'Gangapur',56,5),(268,'Anuan',56,5),(269,'Bhagwatipur',56,5),(270,'Sarfar Pur',56,5),(271,'Rampur',56,5),(272,'Doniala',56,5),(273,'Rainath',56,5),(274,'Belaura',57,5),(275,'Saidrampur',57,5),(276,'Koni',57,5),(277,'Sonari',57,5),(278,'Kurmanwan',57,5),(279,'Chand Bigha',58,5),(280,'Chamardih',58,5),(281,'Dharampur',58,5),(282,'Gobindpur',58,5),(283,'Pondil',58,5),(284,'Kutubpur',58,5),(285,'Barahia',58,5),(286,'Bithra',58,5),(287,'Paharpur',59,5),(288,'Kharasin',59,5),(289,'Akranga',59,5),(290,'Akraunja Chak',59,5),(291,'Zindapur',59,5),(292,'Gonpura',60,5),(293,'Majhiawan',60,5),(294,'Dewa Bigha',60,5),(295,'Mobarakpur',60,5),(296,'Khatangi',60,5),(297,'Turuk Telpa',61,5),(298,'Mali',61,5),(299,'Sarbali',62,5),(300,'Daudpur',62,5),(301,'Makhmilpur',62,5),(302,'Sherpur',62,5),(303,'Karwa Balram',62,5),(304,'Gangapur',62,5),(305,'Moglapur',63,5),(306,'Sadipur',63,5),(307,'Sonbhadar',63,5),(308,'Ghazipur',63,5),(309,'Bansi Surajpur',63,5),(310,'Wor Bigha',63,5),(311,'Inguna',64,6),(312,'Tetaria',64,6),(313,'Kusi',64,6),(314,'Parsa',64,6),(315,'Jamalpur',65,6),(316,'Harnahi',65,6),(317,'Unthu',65,6),(318,'Maulanagar',65,6),(319,'Chauriya',65,6),(320,'Bansikhap',65,6),(321,'Jamhaur',66,6),(322,'Batawan',67,6),(323,'Kusdihra',67,6),(324,'Semariya',67,6),(325,'Susnar',68,6),(326,'Raypura',68,6),(327,'Majurkha',69,6),(328,'Pathra',69,6),(329,'Hetampur',69,6),(330,'Barawan',70,6),(331,'Jhikatiya',70,6),(332,'Kurmha',70,6),(333,'Beli',71,6),(334,'Majhar',71,6),(335,'Jhikatia',71,6),(336,'Kapasia',72,6),(337,'Khan',72,6),(338,'Naugarh',72,6),(339,'Ora',73,6),(340,'Shekh Pura',73,6),(341,'Rajpur',74,6),(342,'Jaisri Bigha',75,6),(343,'Mirzapur',75,6),(344,'Phesra',75,6),(345,'Bakhari',75,6),(346,'Arazi Sohraiya',76,6),(347,'Phesar',76,6),(348,'Alampur',76,6),(349,'Sohraiya',76,6),(350,'Dihri',77,6),(351,'Dabura Kalan',77,6),(352,'Dabura Khurd',77,6),(353,'Patoi',78,6),(354,'Rukhua',78,6),(355,'Gosia',78,6),(356,'Jagdispur',78,6),(357,'Fatehpur',79,14),(358,'Bardih Kalan',79,14),(359,'Bardih Khurd',79,14),(360,'Maddupur',79,14),(361,'Rarhua',80,14),(362,'Chetu Bigaha',80,14),(363,'Gopalpur',80,14),(364,'Hetampur',80,14),(365,'Siris',80,14),(366,'Ghoraha',80,14),(367,'Bagaha',81,14),(368,'Tendua',81,14),(369,'Mahaddi',81,14),(370,'Lakhaipur',81,14),(371,'Balkarna',82,14),(372,'Teldiha',82,14),(373,'Rampur',82,14),(374,'Katea',82,14),(375,'Bahuara',82,14),(376,'Karma Misir',83,14),(377,'Amauna',83,14),(378,'Punabar',83,14),(379,'Dhanibar',83,14),(380,'Mukhtarpur',83,14),(381,'Bhelwa',83,14),(382,'Dudhar',83,14),(383,'Mahuari',84,14),(384,'Makhra',84,14),(385,'Dhanauti',84,14),(386,'Dighi',84,14),(387,'Gothauli',84,14),(388,'Jankop',85,14),(389,'Urdina',85,14),(390,'Pokhrahi',85,14),(391,'Khatira',85,14),(392,'Tengri',85,14),(393,'Pirtampur',85,14),(394,'Karma',86,14),(395,'Pokhraha',86,14),(396,'Teri',86,14),(397,'Nawadih',86,14),(398,'Sonbarsa',86,14),(399,'Kazichak',86,14),(400,'Saranga',87,14),(401,'Ajania',87,14),(402,'Sinuriya',88,14),(403,'Tendua',88,14),(404,'Itahat',88,14),(405,'Biseni',88,14),(406,'Bhalua',89,14),(407,'Chitaur Khap',89,14),(408,'Mahtha',89,14),(409,'Niranjanpur',89,14),(410,'Inglis',89,14),(411,'Bagahi',90,14),(412,'Saidabad',90,14),(413,'Karma',90,14),(414,'Qismat Karma',90,14),(415,'Sarpata',91,14),(416,'Dudhaila',91,14),(417,'Pauthu',91,14),(418,'Pipri',92,14),(419,'Karma',92,14),(420,'Malpur',93,14),(421,'Inguna',93,14),(422,'Nakain',93,14),(423,'Raksani',94,14),(424,'Tengra',94,14),(425,'Akorha',95,16),(426,'Akorhi',95,16),(427,'Bisrampur',96,16),(428,'Babhandih',96,16),(429,'Barki',96,16),(430,'Koni',97,16),(431,'Beni',97,16),(432,'Tamsi',97,16),(433,'Mansara',98,16),(434,'Ghuranand',98,16),(435,'Bara',98,16),(436,'Belain',99,16),(437,'Bhatwa Bhagli',99,16),(438,'Khiri',99,16),(439,'Belaspur',100,16),(440,'Kharaundha',100,16),(441,'Karman',100,16),(442,'Harihar Urdana',101,16),(443,'Tendua',101,16),(444,'Ballahbar',101,16),(445,'Dewankhiri',102,16),(446,'Sattar',102,16),(447,'Sohadih',102,16),(448,'Dewankhiri',103,16),(449,'Sattar',103,16),(450,'Sohadih',103,16),(451,'Kerka',104,16),(452,'Ekghara',104,16),(453,'Dhundhua',104,16),(454,'Mangabar',104,16),(455,'Duamba',105,16),(456,'Bara',105,16),(457,'Karman Jagarnathpur',105,16),(458,'Sasna',106,16),(459,'Raghunathpur',106,16),(460,'Sibanpur',106,16),(461,'Darua',107,16),(462,'Majhiawan',107,16),(463,'Ghirsindi',107,16),(464,'Surar',107,16),(465,'English',107,16),(466,'Puraini',107,16),(467,'Bhagwanpur',108,16),(468,'Bahori Bigha',108,16),(469,'Khanria',109,16),(470,'Tetaria',109,16),(471,'Naur',109,16),(472,'Hunrarha',109,16),(473,'Tenua',109,16),(474,'Jaipur Belai',110,16),(475,'Sinduriya',110,16),(476,'Simra',110,16),(477,'Narchahi',110,16),(478,'Karhari',110,16),(479,'Jaipur Belai',111,16),(480,'Sinduriya',111,16),(481,'Simra',111,16),(482,'Narchahi',111,16),(483,'Karhari',111,16),(484,'asni',112,16),(485,'Semmri Bechain',112,16),(486,'Karman',112,16),(487,'Karman',113,16),(488,'Simri',113,16),(489,'Labhri',113,16),(490,'Debikanri',113,16),(491,'Simri Dhamni',114,16),(492,'Belauti',114,16),(493,'Panre Karman',114,16),(494,'Bandra',114,16),(495,'Sonaura',115,16),(496,'Banahra',115,16),(497,'Bardiha',115,16),(498,'Nawadih',115,16),(499,'Karman Kasturi',116,16),(500,'Kurgain',116,16),(501,'Beni Ganjhar',117,16),(502,'Damua',117,16),(503,'Donra',117,16),(504,'Thengo',118,16),(505,'Gogo',118,16),(506,'Chandokhar',119,16),(507,'Dhobdiha',119,16),(508,'Amba',120,15),(509,'Chilki',120,15),(510,'Munrila',120,15),(511,'Hardutta',120,15),(512,'Bahadurpur',121,15),(513,'Chilhiawan',121,15),(514,'Sahdei Parsawan',121,15),(515,'Pararia',121,15),(516,'Dasaunti',122,15),(517,'Dhunda',122,15),(518,'Simri',122,15),(519,'Gangahar',122,15),(520,'Arjun Bigha',122,15),(521,'Kolahi',123,15),(522,'Bharaundha',123,15),(523,'Simra Telpura',123,15),(524,'Mansara',123,15),(525,'Shivpur',123,15),(526,'Malhipur',124,15),(527,'Khaira',124,15),(528,'Narindra Khap',124,15),(529,'Shankarpur',124,15),(530,'Deoriya',124,15),(531,'Paranpur',125,15),(532,'Panrepur',125,15),(533,'Bhaluhar',125,15),(534,'Mahsu',126,15),(535,'Kharanti',126,15),(536,'Ghughi',126,15),(537,'Dehri',126,15),(538,'Chand Khap',127,15),(539,'Gheura',127,15),(540,'Karkatta',127,15),(541,'Khaira',127,15),(542,'Bishunpur',128,15),(543,'Tamsi',128,15),(544,'Rasulpur',128,15),(545,'Labhri',128,15),(546,'Parsawan',128,15),(547,'Darmi',129,15),(548,'Karman Basantpur',129,15),(549,'Tetrain',129,15),(550,'Kundifar',129,15),(551,'Kajhpa',129,15),(552,'Badarpur',130,15),(553,'Mirzapur',130,15),(554,'Bazidpur',130,15),(555,'Gauspur',130,15),(556,'Hira Saray',130,15),(557,'Khaira',131,15),(558,'Hanea',131,15),(559,'Basdiha Gopal',131,15),(560,'Basdiha',131,15),(561,'Majhar',132,15),(562,'Pathra',132,15),(563,'Sanri',132,15),(564,'Matpa',132,15),(565,'Simri Bala',132,15),(566,'Bahera',132,15),(567,'Gordiha',133,15),(568,'Sonbarsa',133,15),(569,'Bhaluwari Khurd',133,15),(570,'Raham',133,15),(571,'Ibrahimpur',134,15),(572,'Amarpur',134,15),(573,'Bumru',135,15),(574,'Neura',135,15),(575,'Ghoghar Khap',135,15),(576,'Dhanibar',136,15),(577,'Sanra',136,15),(578,'Lobura',136,15),(579,'Hariharpur',137,15),(580,'Barhar',137,15),(581,'Bedaulia',137,15),(582,'Telhara',138,15),(583,'Samahuta',138,15),(584,'Narhar Amba',138,15),(585,'Ankupa',139,15),(586,'Adhyan Khap',139,15),(587,'Pipri',139,15),(588,'Banian',140,7),(589,'Kusaha',140,7),(590,'Hajipur',140,7),(591,'Ghorhat',141,7),(592,'Beri',141,7),(593,'Runian',141,7),(594,'Kakan',142,7),(595,'Palkia',142,7),(596,'Ranidih',142,7),(597,'Dadhpi',143,7),(598,'Gaiwal Bigaha',143,7),(599,'Darbhanga',143,7),(600,'Isapur',144,7),(601,'Kathri',144,7),(602,'Dehuli',144,7),(603,'Jalwand',145,7),(604,'Sahar',145,7),(605,'Pataundhi',146,7),(606,'Peman',146,7),(607,'Kathbar',146,7),(608,'Jogri',147,7),(609,'Bariawan',147,7),(610,'Panrariya',147,7),(611,'Daswat Khap',148,7),(612,'Madanpur',148,7),(613,'Narkapi',149,7),(614,'Urda',149,7),(615,'Patna',149,7),(616,'Bara',149,7),(617,'Manka',150,7),(618,'Gaura',150,7),(619,'Nima Anjan',151,7),(620,'Chhalidohar',151,7),(621,'Pakardih',151,7),(622,'Umga',152,7),(623,'Salempur',153,7),(624,'Uchauli',153,7),(625,'Pirthu',154,7),(626,'Tetaria',154,7),(627,'Jamugain',154,7),(628,'Parasdih',155,7),(629,'Hathianwan',155,7),(630,'Basant',156,7),(631,'Bela',156,7),(632,'Salaiya',156,7),(633,'Bhalua Chak',157,7),(634,'Sahiari',157,7),(635,'Bazidpur Khurd',158,7),(636,'Shekhpura',158,7),(637,'Banua',159,8),(638,'Chauria',159,8),(639,'Haidar Chak',159,8),(640,'Kauriari',160,8),(641,'Koirkhap',160,8),(642,'Raja Kurka',161,8),(643,'Narchi',161,8),(644,'Bania',162,8),(645,'Gopalpur',162,8),(646,'Erki',162,8),(647,'Barheta',163,8),(648,'Bara Khurd',163,8),(649,'Kusaha',164,8),(650,'Bhawanipur',164,8),(651,'Deo',164,8),(652,'Pathra',165,8),(653,'Jharna',165,8),(654,'Mahulan',165,8),(655,'Bharkur',166,8),(656,'Gajoi',166,8),(657,'Ketaki',166,8),(658,'Eraura',167,8),(659,'Karman',168,8),(660,'Khakhra',168,8),(661,'Kunda',168,8),(662,'Majhauli',169,8),(663,'Sraur',169,8),(664,'Bishunpur',169,8),(665,'Pipra',170,8),(666,'Dhanari',170,8),(667,'Az Raqbe',171,8),(668,'Dharampur',171,8),(669,'Bhatkur',171,8),(670,'Sanaudha',172,8),(671,'Jamhariya',172,8),(672,'Dhanawan',172,8),(673,'Ketaki',173,8),(674,'Dhol',174,9),(675,'Dhunrhua',174,9),(676,'Chanrrahi',175,9),(677,'Inguni',175,9),(678,'Gerua',175,9),(679,'Parariya',176,9),(680,'Nizampur',176,9),(681,'Batura',176,9),(682,'Tikri',177,9),(683,'Kona',177,9),(684,'Gandhara',177,9),(685,'Kutkuri',178,9),(686,'Gandharp',178,9),(687,'Danai',178,9),(688,'Dihwa',179,9),(689,'Khaira Majhauli',179,9),(690,'Dhamni',179,9),(691,'Sailopur',180,9),(692,'Bibipur',180,9),(693,'Darmian',180,9),(694,'Saiyara',181,9),(695,'Kana Khap',181,9),(696,'Salempur',181,9),(697,'Jhikatiya',182,9),(698,'Ahamadpur',182,9),(699,'Karmi',182,9),(700,'Panti',183,9),(701,'Paranpur',183,9),(702,'Sonbarsa',184,9),(703,'Chaubara',184,9),(704,'Phesra',185,9),(705,'Nima Mamrez',185,9),(706,'Simla',186,9),(707,'Bankat',186,9),(708,'Dugul',186,9),(709,'Gordiha',187,9),(710,'Simwan',187,9),(711,'Banauli',187,9),(712,'Narhi Pirhi',188,9),(713,'Sabdal',188,9),(714,'Jakhim',189,9),(715,'Salempur',189,9),(716,'Pachariya',189,9),(717,'Karman',190,9),(718,'Karma Masud',190,9),(719,'Banchar Bagra',191,9),(720,'Banchar Khurd',191,9),(721,'Lata',192,9),(722,'Kharauna Khurd',192,9),(723,'Oria Chak',193,9),(724,'Zakaria',193,9),(725,'Asia',193,9),(726,'Kharauna Buzurg',194,9),(727,'Barpa',194,9),(728,'Pogar',195,9),(729,'Rajaura',195,9),(730,'Khaira',196,9),(731,'Naiki',196,9),(732,'Patoikhurd',196,9),(733,'Medan',197,12),(734,'Usurmha',197,12),(735,'Kharanti',198,12),(736,'Koraipur',198,12),(737,'Babhandiha',198,12),(738,'Mahsi',199,12),(739,'Naraula',199,12),(740,'Parsa',199,12),(741,'Cherwa Khap',200,12),(742,'Gortara',200,12),(743,'Chanda',201,12),(744,'Mokhtarpur',201,12),(745,'Labadna',202,12),(746,'Adhaura',202,12),(747,'Khutaha',202,12),(748,'Dihra',202,12),(749,'Gamhariya',203,12),(750,'Harna',203,12),(751,'Noawan',203,12),(752,'Tuturukhi',204,12),(753,'Kothia',204,12),(754,'Kusa',204,12),(755,'Kachanpur',205,12),(756,'Khathwara',205,12),(757,'Kara',206,12),(758,'Kurmain',206,12),(759,'Parariya',207,12),(760,'Deochand',207,12),(761,'Sagarpur',208,12),(762,'Kalen',208,12),(763,'Narayanpur',209,12),(764,'Mahuawan',209,12),(765,'Dihuri',210,12),(766,'Malwan',210,12),(767,'Obra (ct)',211,12),(768,'Ratanpur',212,12),(769,'Bazidpur',212,12),(770,'Shankarpur',213,12),(771,'Sarsauli',213,12),(772,'Hemza',214,12),(773,'Kadiahi Khurd',214,12),(774,'Majhiawan',215,12),(775,'Dumri',215,12),(776,'Mastalichak',216,12),(777,'Ub',216,12),(778,'Aranda',216,12),(779,'Sipah',217,11),(780,'Niman',217,11),(781,'Akorha',217,11),(782,'Guman',217,11),(783,'Anehha',218,11),(784,'Chauram',218,11),(785,'Kesrarhi',218,11),(786,'Arai',219,11),(787,'Madhopur',219,11),(788,'Soni',220,11),(789,'Lalu Chak',220,11),(790,'Birai Nawadih',221,11),(791,'Chaunri',221,11),(792,'Gordiha',222,11),(793,'Nonar',222,11),(794,'Amauna',222,11),(795,'Balmha',223,11),(796,'Ratanpur',223,11),(797,'Paswa',224,11),(798,'Karman',224,11),(799,'Mahawar',225,11),(800,'Kera',225,11),(801,'Amauna',226,11),(802,'Daulatpur',226,11),(803,'Jamuawan',227,11),(804,'Sansa',227,11),(805,'Mohamadpur',228,11),(806,'Shamshernagar',228,11),(807,'Khaira',229,11),(808,'Ekauni',229,11),(809,'Kataria',229,11),(810,'Sewahi',230,11),(811,'Tarar',230,11),(812,'Belarhi',231,11),(813,'Tarari',231,11),(814,'Bhakharua',231,11),(815,'Paranpur',232,10),(816,'Sakardih',232,10),(817,'Toralpura',233,10),(818,'Shekhpura',233,10),(819,'Orani',234,10),(820,'Banatra Said',234,10),(821,'Bela',234,10),(822,'Chamanpur',235,10),(823,'Paruki',235,10),(824,'Barwan',235,10),(825,'Jharaha',236,10),(826,'Munrawa',236,10),(827,'Mahi',237,10),(828,'Berka',237,10),(829,'Darha',237,10),(830,'Kurmain',237,10),(831,'Piprahi',238,10),(832,'Akauna',238,10),(833,'Pokharaha',239,10),(834,'Thanapur',239,10),(835,'Dadar',239,10),(836,'Lohanri',240,10),(837,'Nizampur',240,10),(838,'Gamhari',240,10),(839,'Deohara',241,10),(840,'Nagain',241,10),(841,'Parasi',241,10),(842,'Akauni',242,10),(843,'Udaipura',242,10),(844,'Hasanpur',242,10),(845,'Sohalpur',243,10),(846,'Phag',243,10),(847,'Goh',244,10),(848,'Saharsa',245,10),(849,'Basawanpur',245,10),(850,'Dewakund Arazi',246,10),(851,'Banra',246,10),(852,'Khempur',247,10),(853,'Kharagpura',247,10),(854,'Darar',247,10),(855,'Chapra',248,10),(856,'Suggi',248,10),(857,'Malahad',248,10),(858,'Ankuri',249,10),(859,'Mahri',249,10),(860,'Hamidnagar',250,10),(861,'Teap',250,10),(862,'Belaru',251,10),(863,'Lodipur',251,10),(864,'Ahiyapur',252,13),(865,'Kamalpur',252,13),(866,'Saidpur',253,13),(867,'Bagharewa',253,13),(868,'Bhauli',254,13),(869,'Kaithi Bankat',254,13),(870,'Nirakhpur',254,13),(871,'Dindir',255,13),(872,'Raypur Bandhwa',255,13),(873,'Baghoi',255,13),(874,'Dumra',256,13),(875,'Habaspur',256,13),(876,'Mahuli',256,13),(877,'Jalpura',257,13),(878,'Makbulpurkhas',257,13),(879,'Itawan',258,13),(880,'Khutahan',258,13),(881,'Mohiuddinpur',258,13),(882,'Pathraur',259,13),(883,'Dihuri',259,13),(884,'Bihta',259,13),(885,'Itawan',260,13),(886,'Surat Bigha',260,13),(887,'Barokhar',261,13),(888,'Malahra',261,13),(889,'Shahpur',261,13),(890,'Piru',262,13),(891,'Dihuri',262,13),(892,'Berewa',262,13),(893,'Raghunathpur',263,13),(894,'Purahra',263,13),(895,'Birahra',263,13),(896,'Dhamni',264,13),(897,'Kaithi',264,13),(898,'Sonhathu',264,13),(899,'Sihari Khurd',265,13),(900,'Baghakol',265,13),(901,'Gobindpur',266,17),(902,'Makkhanchak',266,17),(903,'Inglish',267,17),(904,'Chorwe Subhanpur Inglish',267,17),(905,'Rajapur',268,17),(906,'Bariam',268,17),(907,'Lausa',268,17),(908,'Rampur',269,17),(909,'Bharko (part In Phulidumar)',269,17),(910,'Satghara',270,17),(911,'Dadpur',270,17),(912,'Patwe Morawan',271,17),(913,'Balesar Chak',271,17),(914,'Kathail',272,17),(915,'Semarpur',272,17),(916,'Kamdeopur',273,17),(917,'Pawai Arazi',273,17),(918,'Mansinghpur',274,17),(919,'Kajra',274,17),(920,'Baidhua',274,17),(921,'Kol Buzurg',275,17),(922,'Sihuri',275,17),(923,'Kol Khurd',275,17),(924,'Patki',276,17),(925,'Mainwa',276,17),(926,'Lachhmipur',277,17),(927,'Laugain',277,17),(928,'Bishunpur Kol',278,17),(929,'Bhaluhar Arazi',279,17),(930,'Pawai',279,17),(931,'Dariapur',279,17),(932,'Supaha',280,17),(933,'Mahgawan',280,17),(934,'Chokar',281,17),(935,'Khemi Chak',281,17),(936,'Subhanpur',282,17),(937,'Surihari',283,17),(938,'Aminpur',283,17),(939,'Ghospur',284,17),(940,'Banesar Chak',284,18),(941,'Karikado',285,18),(942,'Pararia',285,18),(943,'Kakwara Tola Chhatarpat',286,18),(944,'Meharpur',287,18),(945,'Danra',287,18),(946,'Majra',288,18),(947,'Burhsaili',288,18),(948,'Dudhari',289,18),(949,'Kakwara Tola Jamua',290,18),(950,'Desra',291,18),(951,'Dalawar',291,18),(952,'Kakwara',292,18),(953,'Kakwara Tola Harpur',292,18),(954,'Badrar',293,18),(955,'Ikoria',294,18),(956,'Baghajain',294,18),(957,'Shadpur',295,18),(958,'Maheshadih',295,18),(959,'Kakwara Tola Jawari',296,18),(960,'Chamraili',297,18),(961,'Baisa',297,18),(962,'Samukhia',298,18),(963,'Maharajganj',298,18),(964,'Kakwara Tola Kataili',299,18),(965,'Dhaka',300,18),(966,'Telia',300,18),(967,'Bardiha',300,18),(968,'Auria',301,19),(969,'Babhangawan',302,19),(970,'Bhansiabhita',303,19),(971,'Hijaria',303,19),(972,'Bhojpur',304,19),(973,'Nemua',304,19),(974,'Guwarba',305,19),(975,'Hijrar',305,19),(976,'Aphara',306,19),(977,'Baidachak',306,19),(978,'Bhatdiha',307,19),(979,'Parghari',307,19),(980,'Lakra',308,19),(981,'Changeri',308,19),(982,'Chitarsari',309,19),(983,'Panjwara',310,19),(984,'Nagri',310,19),(985,'Pathra',311,19),(986,'Parghari',311,19),(987,'Chandidih',312,19),(988,'Dauki',312,19),(989,'Sondiha',313,19),(990,'Dafarpur',314,19),(991,'Nagel',315,20),(992,'Tola Chiraiya',316,20),(993,'Tola Basmata',316,20),(994,'Tangra',317,20),(995,'Sekchani',317,20),(996,'Kumrel',318,20),(997,'Banheti',318,20),(998,'Dumaria',319,20),(999,'Gorgawan',319,20),(1000,'Bakrar',320,20),(1001,'Ghorbahiar',320,20),(1002,'Dewandih',321,20),(1003,'Darha',321,20),(1004,'Sautadih',322,20),(1005,'Madhuwa',322,20),(1006,'Tola Kusha',323,20),(1007,'Tola Chirauta',323,20),(1008,'Chaiti',324,20),(1009,'Bholni',324,20),(1010,'Tola Sasaijor',325,20),(1011,'Bela',326,20),(1012,'Ranga',327,20),(1013,'Lakar Khauwa',328,20),(1014,'Semaria',328,20),(1015,'Kurthia',329,20),(1016,'Sinpur',329,20),(1017,'Tola Beldiha',330,20),(1018,'Bara',331,20),(1019,'Taraia',331,20),(1020,'Sardara',332,20),(1021,'Pilua',333,21),(1022,'Angaro Jabra',333,21),(1023,'Kharauni',334,21),(1024,'Babhangawan',335,21),(1025,'Porai',335,21),(1026,'Bagaicha',336,21),(1027,'Chilkara',336,21),(1028,'Chak',337,21),(1029,'Pirhamu',337,21),(1030,'Madardih',337,21),(1031,'Nayagaon',338,21),(1032,'Jorika',338,21),(1033,'Durga Pur',338,21),(1034,'Phaga',339,21),(1035,'Khorimon',339,21),(1036,'Gokula',340,21),(1037,'Bhikhan Pur',341,21),(1038,'Sitabahiar',342,21),(1039,'Birnian',343,21),(1040,'Sanga',343,21),(1041,'Rajdah',343,21),(1042,'Korhatikar',344,21),(1043,'Bhalki',344,21),(1044,'Bhaga',345,21),(1045,'Golhatti',346,21),(1046,'Kurumtanr',347,22),(1047,'Surangi',347,22),(1048,'Tola Gorra',348,22),(1049,'Tola Tetaria',348,22),(1050,'Jamuni',349,22),(1051,'Birnian',349,22),(1052,'Kauadah',350,22),(1053,'Tola Harikura',350,22),(1054,'Dumarthar',351,22),(1055,'Nawadih',351,22),(1056,'Tola Mansaraidih',352,22),(1057,'Pasraha',352,22),(1058,'Alkosia',353,22),(1059,'Chihutjor',353,22),(1060,'Dubba',354,22),(1061,'Harkhar',354,22),(1062,'Tola Chhira',355,22),(1063,'Tola Dholdar',355,22),(1064,'Tola Galgala',356,22),(1065,'Tola Bhelwa',356,22),(1066,'Tola Laiadih',357,22),(1067,'Tola Chugalia',357,22),(1068,'Tola Tarakura',358,22),(1069,'Tola Chutrahan',358,22),(1070,'Dhabauni',359,22),(1071,'Bhorabadar',359,22),(1072,'Lila Baran',360,22),(1073,'Chapridamgi',360,22),(1074,'Siljori',361,22),(1075,'Pahridih',361,22),(1076,'Jogmaran',362,22),(1077,'Domohan',362,22),(1078,'Tola Kaljuga',363,22),(1079,'Asahankita',363,22),(1080,'Kushmaha',364,23),(1081,'Jagankita',364,23),(1082,'Laugain',365,23),(1083,'Khagra',365,23),(1084,'Jagatpur',366,23),(1085,'Hirammi',367,23),(1086,'Kusmi',368,23),(1087,'Gangta',368,23),(1088,'Birnia',369,23),(1089,'Basbitta',369,23),(1090,'Ghasia',370,23),(1091,'Jaipur',371,23),(1092,'Rabidih',372,23),(1093,'Sagunia',372,23),(1094,'Keuchi',373,23),(1095,'Parshia',373,23),(1096,'Jotha',374,23),(1097,'Baniachak',374,23),(1098,'Phatu Chak',375,23),(1099,'Laugain',376,23),(1100,'Jakha',376,23),(1101,'Pachasi',377,23),(1102,'Kaitha Tikar',377,23),(1103,'Laran Chak',378,23),(1104,'Pair',379,23),(1105,'Gadiaun',380,23),(1106,'Rangaon',380,23),(1107,'Jasmatpur',380,23),(1108,'Gangti',381,23),(1109,'Gurdoar',382,23),(1110,'Kasba',383,23),(1111,'Tahirpur',383,23),(1112,'Tola Bhitia',384,24),(1113,'Kojhi',385,24),(1114,'Tola Bhelwatari',386,24),(1115,'Tola Chondha Bathan',386,24),(1116,'Kanaudi',387,24),(1117,'Motia',387,24),(1118,'Domodih',388,24),(1119,'Kinuar',388,24),(1120,'Jagna',389,24),(1121,'Lauria',390,24),(1122,'Manik',390,24),(1123,'Rata',391,24),(1124,'Gorakhdih',391,24),(1125,'Bharko',392,24),(1126,'Harna',393,24),(1127,'Pathai',393,24),(1128,'Chhatar',394,24),(1129,'Bishunpur',394,24),(1130,'Barbasni',395,25),(1131,'Bhurkundia',395,25),(1132,'Tola Kauriani',396,25),(1133,'Tola Kurwabaran',397,25),(1134,'Tola Telbhanaga',398,25),(1135,'Tola Mochanwa',398,25),(1136,'Kolhua',399,25),(1137,'Tilaiya',399,25),(1138,'Tola Sauri',400,25),(1139,'Makna',401,25),(1140,'Harhar',401,25),(1141,'Tola Mahesh Bathna',402,25),(1142,'Tola Parman',403,25),(1143,'Belauni',404,25),(1144,'Domsarni',404,25),(1145,'Tola Rupdesar',405,25),(1146,'Tola Katiari',405,25),(1147,'Tola Kurumtanr',406,25),(1148,'Tola Kuhaka',407,25),(1149,'Tola Salaiya',408,25),(1150,'Tola Chanauthar',409,25),(1151,'Mothabari',409,25),(1152,'Jagarnathpur',410,26),(1153,'Kathwan',410,26),(1154,'Asauta',411,26),(1155,'Chilkaur',411,26),(1156,'Bania Chak',412,26),(1157,'Fatma Chak',412,26),(1158,'Abda Chak',413,26),(1159,'Mahada',413,26),(1160,'Harchandi',414,26),(1161,'Amhara',414,26),(1162,'Lilatari',415,26),(1163,'Kath Chatur',415,26),(1164,'Khiri',416,26),(1165,'Rupsa',417,26),(1166,'Kolhara',417,26),(1167,'Punsia',418,26),(1168,'Kawari',418,26),(1169,'Gobindpur',419,26),(1170,'Malti',420,26),(1171,'Mahadeopur',420,26),(1172,'Janmahammadi',421,26),(1173,'Parghari',421,26),(1174,'Jobra',422,26),(1175,'Islampur',422,26),(1176,'Rajaun',423,26),(1177,'Kifaetpur',423,26),(1178,'Mahesha Chanda',424,26),(1179,'Kishunpur',424,26),(1180,'Aulia Chak',425,26),(1181,'Dhobidih',426,26),(1182,'Khushalpur',426,26),(1183,'Tilakpur',427,26),(1184,'Baidpur',428,27),(1185,'Silauta',428,27),(1186,'Jamaia Chak',429,27),(1187,'Belsira',429,27),(1188,'Bhatasila',430,27),(1189,'Jogia',430,27),(1190,'Kaitha',431,27),(1191,'Saguni',431,27),(1192,'Goera Sahroi',432,27),(1193,'Kamargawan',433,27),(1194,'Kusaha',434,27),(1195,'Dealdih',434,27),(1196,'Jangal',435,27),(1197,'Kamatpur',436,27),(1198,'Ghospur',436,27),(1199,'Karanpur',437,27),(1200,'Bhandaro',438,27),(1201,'Mandiari',438,27),(1202,'Kurma',439,27),(1203,'Karanja',440,27),(1204,'Kasraha',440,27),(1205,'Sahdewa',441,27),(1206,'Gorai',441,27),(1207,'Karsandi',442,27),(1208,'Karsanda',442,27),(1209,'Kiranpur',443,27),(1210,'Titihi',444,27),(1211,'Jala',445,27),(1212,'Alipur',446,27),(1213,'Ahmad Alipur',446,27),(1214,'Gohario',447,28),(1215,'Agarpur',447,28),(1216,'Jamsi',448,28),(1217,'Korha',449,28),(1218,'Sarmaspur',449,28),(1219,'Goradih',450,28),(1220,'Agadda',451,28),(1221,'Khiribhandh',451,28),(1222,'Khutaha',452,28),(1223,'Basantpur',452,28),(1224,'Talthoka',453,28),(1225,'Tahbalpur',453,28),(1226,'Murhanjamin',454,28),(1227,'Nayatola',455,28),(1228,'Jamunidih',455,28),(1229,'Azizpur Pithra',456,28),(1230,'Raipura',457,28),(1231,'Ghiha',457,28),(1232,'Daharpur',458,28),(1233,'Muslimchak',459,28),(1234,'Bara Tikar',460,28),(1235,'Hemra',460,28),(1236,'Usta',461,28),(1237,'Motwoffachak',462,29),(1238,'Pista',462,29),(1239,'Phulwaria',463,29),(1240,'Jamgaon',463,29),(1241,'Itwa Danr',464,29),(1242,'Mohiuddinpur',465,29),(1243,'Chandpur',465,29),(1244,'Moazzamchak',466,29),(1245,'Daudchak',466,29),(1246,'Gaiwal Kola',467,29),(1247,'Ambai',468,29),(1248,'Basauni',468,29),(1249,'Manikpur',469,29),(1250,'Puraini North',470,29),(1251,'Puraini',471,29),(1252,'Bade Logain',472,29),(1253,'Udesi Arazi',472,29),(1254,'Saino',473,29),(1255,'Koili',474,29),(1256,'Karimpur',474,29),(1257,'Habibpur',475,29),(1258,'Belkhoria',476,30),(1259,'Jaminkita',476,30),(1260,'Ganga Parsad',477,30),(1261,'Purani Sarai',478,30),(1262,'Shahpur',479,30),(1263,'Bharat Rasulpura',479,30),(1264,'Gosaindaspur',480,30),(1265,'Gaura Chauki',481,30),(1266,'Semaria',482,30),(1267,'Bahadurpur',482,30),(1268,'Sujapur',483,30),(1269,'Raghopur',484,30),(1270,'Khotia',484,30),(1271,'Raghopur',485,30),(1272,'Mohiuddinpur',486,30),(1273,'Gauripur',487,30),(1274,'Deldarpur',488,30),(1275,'Shankarpur',489,30),(1276,'Kurpat',490,31),(1277,'Sewaidih',490,31),(1278,'Makhajan',491,31),(1279,'Tal Shahadat',492,31),(1280,'Bagder',493,31),(1281,'Mansarpur',494,31),(1282,'Nabipur',495,31),(1283,'Khan Kita',495,31),(1284,'Lailakh',496,31),(1285,'Asanandpur',497,31),(1286,'Mamlakha',498,31),(1287,'Baijnathpur',499,31),(1288,'Gopinathpur',500,31),(1289,'Sardho',501,31),(1290,'Masarh',502,31),(1291,'Karanpur',503,32),(1292,'Basdeopur',504,32),(1293,'Parmanpur',504,32),(1294,'Bethu',505,32),(1295,'Naraenpur',506,32),(1296,'Rajpur Chaur',507,32),(1297,'Manullah',507,32),(1298,'Saidpur',508,32),(1299,'Daspur',508,32),(1300,'Sarhi',509,32),(1301,'Gobrain',510,32),(1302,'Chandpur',511,32),(1303,'Imadpur',512,32),(1304,'Mahagawan',512,32),(1305,'Sudhakita',513,32),(1306,'Thakarpur',514,32),(1307,'Beraichak',515,32),(1308,'Ibrahimchak',515,32),(1309,'Tekna',516,32),(1310,'Jhiktia',517,32),(1311,'Makanpur',518,32),(1312,'Goriasi',519,32),(1313,'Sajaur',520,32),(1314,'Anandpur Barah Bighi',521,32),(1315,'Afzuganj',522,33),(1316,'Majhli',523,33),(1317,'Hathiauk',523,33),(1318,'Bishunpur',524,33),(1319,'Dhapra',525,33),(1320,'Parmanandpur',526,33),(1321,'Ghorghat Milik',527,33),(1322,'Kamarganj',528,33),(1323,'Misarpur',529,33),(1324,'Bhirchak',530,33),(1325,'Akabarnagar Tola',531,33),(1326,'Sarifa',532,33),(1327,'Damodarpur',533,33),(1328,'Dinanathpur',534,33),(1329,'Rabichak',535,33),(1330,'Masdi',536,33),(1331,'Mirhati',537,33),(1332,'Hemra',538,33),(1333,'Nasopur',539,33),(1334,'Antichak',540,34),(1335,'Deori',541,34),(1336,'Jahanpur',542,34),(1337,'Bholsar',542,34),(1338,'Sangalbahita',543,34),(1339,'Dhanaura',544,34),(1340,'Ekchari',545,34),(1341,'Ekdara',546,34),(1342,'Shankar Pur Khawas Part',547,34),(1343,'Kaleanpur',548,34),(1344,'Sadhopur',548,34),(1345,'Kairia',549,34),(1346,'Kishundaspur',550,34),(1347,'Shankarpur Khawas',551,34),(1348,'Kurma',552,34),(1349,'Gohar',552,34),(1350,'Bhuska',553,34),(1351,'Bhuskachak',553,34),(1352,'Mahesha Munda',554,34),(1353,'Khajuria',555,34),(1354,'Mohanpur Goghatta',556,34),(1355,'Nandlalpur',557,34),(1356,'Jahanatikar',557,34),(1357,'Ogri',558,34),(1358,'Oriap',559,34),(1359,'Parmanandpur Khawas',560,34),(1360,'Shankar Pur Khawas Part',561,34),(1361,'Koili',562,34),(1362,'Laugai',563,34),(1363,'Sadanandpur Baisa',564,34),(1364,'Masudanpur',565,34),(1365,'Shampur',566,34),(1366,'Mansarpur',567,34),(1367,'Babupur',568,35),(1368,'Jot Amanat',569,35),(1369,'Jot Chohar',569,35),(1370,'Bakarpur Ogairah',570,35),(1371,'Rajgaon',571,35),(1372,'Bara',572,35),(1373,'Isipur',572,35),(1374,'Khawaspur Milik',573,35),(1375,'Khonta',574,35),(1376,'Hardechak',575,35),(1377,'Basantpur',576,35),(1378,'Khawaspur Diara Urf Topra',577,35),(1379,'Ammapali',578,35),(1380,'Manikpura',579,35),(1381,'Naraenpur Kharagpur',580,35),(1382,'Khawashpur Diyara',581,35),(1383,'Duldulia',582,35),(1384,'Naraenpur',583,35),(1385,'Kusalpur',584,35),(1386,'Pirpainti',585,35),(1387,'Pealapur',586,35),(1388,'Gauripur',587,35),(1389,'Gopalpur',587,35),(1390,'Rajgaon Arazi',588,35),(1391,'Topra Milik',589,35),(1392,'Rifadpur',590,35),(1393,'Madangopali',591,35),(1394,'Meharpur',592,35),(1395,'Fauzdari',593,35),(1396,'Sirmatpur',594,35),(1397,'Srimatpur Part',595,35),(1398,'Masudanpur',596,36),(1399,'Amdiha',597,36),(1400,'Phulwaria',598,36),(1401,'Bhandaridih',598,36),(1402,'Agaia',599,36),(1403,'Rasulpur',600,36),(1404,'Majlispur',601,36),(1405,'Balipur',602,36),(1406,'Thunki',602,36),(1407,'Fazilpur',603,36),(1408,'Siri Chak',604,36),(1409,'Deori',605,36),(1410,'Ankita',606,36),(1411,'Gausichak',607,36),(1412,'Bastikia',608,36),(1413,'Sonahula',609,36),(1414,'Sanokhar',610,36),(1415,'Amba Sudan',611,36),(1416,'Tarar',612,36),(1417,'Pakaria',613,36),(1418,'Bishunpur Ramsahai',614,37),(1419,'Bihpur',615,37),(1420,'Jamalpur',616,37),(1421,'Bikrampur',617,37),(1422,'Fatmachak',618,37),(1423,'Dharampur Ratti',619,37),(1424,'Shah Chak',620,37),(1425,'Dealpur',621,37),(1426,'Chakpyare',622,37),(1427,'Bhagwatipur',623,37),(1428,'Tekwazpur',624,37),(1429,'Marwa',625,37),(1430,'Marwa Sahori Tola',626,37),(1431,'Abhia Diara',627,38),(1432,'Mathiara',628,38),(1433,'Dumariya Chaparhat',629,38),(1434,'Parasrampur Milik',630,38),(1435,'Goshaingaon',631,38),(1436,'Dharhara',632,38),(1437,'Saidpur',633,38),(1438,'Sungtia',634,38),(1439,'Tintan',635,38),(1440,'Budhuchak ',636,39),(1441,' Ismail Pur',636,39),(1442,'Joth Gobind  ',637,39),(1443,'Purvi Bhitha',637,39),(1444,'Kamlakund',638,39),(1445,'Malpur',639,39),(1446,'Parbatta',640,39),(1447,'Bahatra',641,40),(1448,'Bhawanpura',642,40),(1449,'Bagri',643,40),(1450,'Dhodhia',644,40),(1451,'Dhrubganj',645,40),(1452,'Gotkharik Ambo',646,40),(1453,'Jhausarai',647,40),(1454,'Bhagwatipur',647,40),(1455,'Kharik Tola Kathela',648,40),(1456,'Seokund',649,40),(1457,' Lokmanpur',649,40),(1458,' Baluachak',649,40),(1459,'Sobnathpur',650,40),(1460,'Telghi',651,40),(1461,'Tulshipur Kharik',652,40),(1462,'Usmanpur',653,40),(1463,'Shahpur',654,41),(1464,'Dudhaila',654,41),(1465,'Mohanpur',655,41),(1466,'Jaipur',656,41),(1467,'Chuhar',656,41),(1468,'Jaipurchuhar',657,41),(1469,'Nagarpara',658,41),(1470,'Nagarpara Yugal',659,41),(1471,'Nagarparaa',660,41),(1472,'Nagarpara Arazi',661,41),(1473,'Eusufpur',662,41),(1474,'Sihpur',663,41),(1475,'Singhpur',664,41),(1476,'Partapnagar',665,42),(1477,'Zabtaili Jagatpur',666,42),(1478,'Pamna',667,42),(1479,'Partapnagar',668,42),(1480,'Pratapgarh',669,42),(1481,'Khagra',670,42),(1482,'Nagara',671,42),(1483,'Kathi',672,42),(1484,'Milaki',673,42),(1485,'Fazar Ali Chak',674,42),(1486,'Baisi Jahangirpur',675,43),(1487,'Madsudanpur',676,43),(1488,'Bhawanipur',677,43),(1489,'Koskipur',678,43),(1490,' Sahoura',678,43),(1491,'Madrauni Pachhiarital',679,43),(1492,'Murkichand Khara',680,43),(1493,'Rangra',681,43),(1494,'Sadhua',682,43),(1495,'Tintanga',683,43),(1496,'Gyanidaspur',684,43),(1598,'Ahirauli',685,44),(1599,' Arjunpur',685,44),(1600,'Panditpur',686,44),(1601,' Baruna',686,44),(1602,'Boksa',687,44),(1603,' Lachhmanpur',687,44),(1604,'Hukaha',688,44),(1605,' Rahasi Chak',688,44),(1606,' Panrepatti',688,44),(1607,'Bhosrampur',689,44),(1608,' Sonbarsa',689,44),(1609,'Umarpur Diara',690,44),(1610,'Aurahi',691,45),(1611,'Sahipur',691,45),(1612,'Bhakhwa',692,45),(1613,' Parsia',692,45),(1614,'Isharpura',693,45),(1615,'  Nathpur',693,45),(1616,'Ujiarpur',694,45),(1617,'  Kukurha',694,45),(1618,'Kapurpatti',695,45),(1619,'Dharampur',695,45),(1620,'Narbatpur',696,46),(1621,' Narainapur',696,46),(1622,'Chausa',697,46),(1623,'Salarpur',697,46),(1624,'Chundi',698,46),(1625,' echanpurwa',698,46),(1626,'Sagra',699,46),(1627,' Nikris',699,46),(1628,'Sarenja',700,46),(1629,' Kusrupa',700,46),(1630,' Tikaitpur',700,46),(1631,'Sikraur  Khorampur',701,46),(1632,'Basahi',701,46),(1633,' Dharmagatpur',702,47),(1634,'Rauni',703,47),(1635,'Lodipur',703,47),(1636,'Rupapokhar',704,47),(1637,'Makhduman',704,47),(1638,' haluha',704,47),(1639,'Chhitan Dehra',705,47),(1640,'Ariyawon',706,48),(1641,'Dubkhi',706,48),(1642,'Kunriya',707,48),(1643,'Mungasi',707,48),(1644,'Bhojpur ',708,48),(1645,'Mugaon ',709,48),(1646,'Bhikha Bandh ',710,48),(1647,'Bharkundiya ',711,49),(1648,'Tetrahar ',712,49),(1649,'Usra ',713,49),(1650,'Bikrampur',714,49),(1651,'Tik Pokhar ',715,49),(1652,'Waina ',716,49),(1653,'Baruhan ',717,50),(1654,'Balua ',718,50),(1655,'Bhada ',719,50),(1656,'Churamanpur',720,50),(1657,'Nainijor',721,50),(1658,'Bojhwalia ',722,50),(1659,'Kharauniya  ',723,51),(1660,'Kesath',724,51),(1661,'Dasiyawan',725,51),(1662,'Arak ',726,52),(1663,'Charkhi ',727,52),(1664,'Parsia ',728,52),(1665,'Minapur',729,52),(1666,'Chaugain',730,53),(1667,'Nokhpura ',731,53),(1668,'Parasiya',732,53),(1669,'Nagpura  ',733,54),(1670,'Arjunpur',734,54),(1671,'Rajpur Kalan',735,54),(1672,'Dhanapah',736,54),(1673,'Haranpura',737,54),(1674,'Simri',738,54),(1675,'Nasirpur',739,55),(1676,'Kujapi',740,55),(1677,'Bhikhanpur',741,55),(1678,'Dubahal',742,55),(1679,'Rasalpur',743,55),(1680,'Kachnawan',744,56),(1681,'Amjhar',745,56),(1682,'Birahpura',746,56),(1683,'Simra',747,56),(1684,'Mayapur',748,57),(1685,'Pathraura',749,57),(1686,'Basua',750,57),(1687,'Pura',751,57),(1688,'Nauranga',752,58),(1689,'Kukiasin',753,58),(1690,'Jamuanwan',754,58),(1691,'Sonaut',755,58),(1692,'Usri',756,58),(1693,'Antiya',757,59),(1694,'Bhanwarbar',758,59),(1695,'Kurmawan',759,59),(1696,'Babhni',760,59),(1697,'Pathalgarh',761,59),(1698,'Telheta',762,60),(1699,'Manakdiha',763,60),(1700,'Aranga',764,60),(1701,'Andhar',765,60),(1702,'Pathra',766,60),(1703,'Nagwan',767,61),(1704,'Jamuhar',768,61),(1705,'Naudiha',769,61),(1706,'Gorkati',770,62),(1707,'Karai',771,62),(1708,'Alpa',772,62),(1709,'Amra',773,62),(1710,'Kalyanpur',774,63),(1711,'Matai',775,63),(1712,'Garaur',776,63),(1713,'Egana',777,63),(1714,'Labhra',778,63),(1715,'Ulle',779,63),(1716,'Malpa',780,64),(1717,'Tanti',781,64),(1718,'Karma',782,64),(1719,'Tilori',783,64),(1720,'Azmatganj',784,65),(1721,'Maniara',785,65),(1722,'Kajari',786,65),(1723,'Maranchi',787,65),(1724,'Inarpur',788,65),(1725,'Solara',789,65),(1726,'Maksudpur',790,66),(1727,'Tarka',791,66),(1728,'Ekauni',792,66),(1729,'Rouniyan',793,66),(1730,'Harsingara',794,66),(1731,'Udhobar',795,66),(1732,'Uchauli',796,66),(1733,'Chakra',797,67),(1734,'Asarhia',798,67),(1735,'Bahorma',799,67),(1736,'Pali',800,67),(1737,'Deay',801,68),(1738,'Mai',802,68),(1739,'Baddi',803,68),(1740,'Naili',804,68),(1741,'Basar',805,69),(1742,'Jalalpur',806,69),(1743,'Sonra',807,69),(1744,'Kajur',808,69),(1745,'Sohari',809,69),(1746,'Nadaura',810,70),(1747,'Naudiha',811,70),(1748,'Atopur',812,70),(1749,'Dubi',813,70),(1750,'Erur',814,70),(1751,'Sonathu',815,70),(1752,'Bazidpur',816,70),(1753,'Baida',817,71),(1754,'Dharampur',818,71),(1755,'Bankat',819,71),(1756,'Hamzapur',820,71),(1757,'Paharpur',821,71),(1758,'Gopala',822,71),(1759,'Sagdiha',823,72),(1760,'Bahak',824,72),(1761,'Majhaulia',825,72),(1762,'Saifganj',826,72),(1763,'Singhpur',827,72),(1764,'Meghathar',828,73),(1765,'Salwar',829,73),(1766,'Koiria',830,73),(1767,'Kauwal',831,73),(1768,'Pathra',832,73),(1769,'Kusamh',833,73),(1770,'Mahuri',834,74),(1771,'Sihauta',835,74),(1772,'Anarbansalea',836,74),(1773,'Malepur, Narsota',837,75),(1774,'Numar, Kolhua',838,75),(1775,'Panro',839,75),(1776,'Tola Baghopatar',840,76),(1777,'Tola Barkha',841,76),(1778,'Tola Pahar',842,76),(1779,'Gopidih',843,76),(1780,'Asnaha',844,76),(1781,'Murli',845,76),(1782,'Tola Tharhi',846,76),(1783,'Tola Katiawa',847,76),(1784,'Rahima',848,76),(1785,'Tola Badiadih',849,76),(1786,'Tola Chhotkithadhi',850,76),(1787,'Tola Gamharia',851,76),(1788,'Tola Lakra',852,76),(1789,'Gangra',853,77),(1790,'Simaria, Kolhua',854,77),(1791,'Kundhur',855,77),(1792,'Guguldih',856,77),(1793,'Ratanpur',857,77),(1794,'Sansarpur',858,77),(1795,'Sewe, Uchaunr',859,78),(1796,'Aliganj',860,78),(1797,'Bela, Arha',861,78),(1798,'Sanpo, Noni',862,78),(1799,'Macholni, Mirzaganj',863,78),(1800,'Risdih, Gahlaur',864,78),(1801,'Danr',865,78),(1802,'Sangthu',866,79),(1803,'Tamanpur, Chhitma',867,79),(1804,'Dundu, Narbada',868,79),(1805,'Maniadda, Bhajour',869,79),(1806,'Sonpai, Garsanda',870,79),(1807,'Tola Baijla',871,80),(1808,'Tola Siritanr',872,80),(1809,'Tola Dhapri Kita',873,80),(1810,'Tola Gobindpur',874,80),(1811,'Tola Sundari',875,80),(1812,'Tola Rajla Kalan',876,80),(1813,'Tola Khawa',877,80),(1814,'Amari, Khutauna',878,81),(1815,'Sokho',879,81),(1816,'Banpur',880,81),(1817,'Sagdaha',881,81),(1818,'Bhojpur',882,81),(1819,'Bhaunr',883,81),(1820,'Anantpur',884,82),(1821,'Chinmaria',885,82),(1822,'Dudhane',886,82),(1823,'Lata',887,82),(1824,'Khutkat',888,83),(1825,'Sarsa',889,83),(1826,'Nauwadih',890,83),(1827,'Nima',891,83),(1828,'Sijori',892,83),(1829,'Tola Kamarakh',893,84),(1830,'Tola Binjhi',894,84),(1831,'Tola Bhelwa',895,84),(1832,'Tola Nawadih',896,84),(1833,'Agahara',897,84),(1834,'Tola Sono',898,84),(1835,'Tola Kharik',899,84),(1836,'Turkaul',900,85),(1837,'Alampur',900,85),(1838,'Faridpur',901,85),(1839,'Bhewar',901,85),(1840,'Chingia',902,85),(1841,'Surangapur',902,85),(1842,'Birra',903,86),(1843,'Khaskhori',903,86),(1844,'Allahganj',904,86),(1845,'Bhaikh',904,86),(1846,'Jamalpur',905,86),(1847,'Mahewa',905,86),(1848,'Daulatpur',906,86),(1849,'Makhpa',906,86),(1850,'Mahangupur',907,86),(1851,'Amsara',907,86),(1852,'Nirpur',908,86),(1853,'Punhada',908,86),(1854,'Newari',908,86),(1855,'Chhatiana',909,86),(1856,'Rampur',909,86),(1857,'Bandea',910,86),(1858,'Sugaon',911,86),(1859,'Sumera',912,86),(1860,'Saren',913,86),(1861,'Gorsar',914,87),(1862,'Ahiasa',914,87),(1863,'Lakhawar',915,87),(1864,'Dhuriari',916,87),(1865,'Faridpura',917,87),(1866,'Daharpur',918,87),(1867,'Lakhisarai',919,87),(1868,'Salarpur',919,87),(1869,'Dihuri',920,88),(1870,'Dadpur',920,88),(1871,'Bauri',920,88),(1872,'Chiri',921,88),(1873,'Dawthoo',922,88),(1874,'Khauna',923,88),(1875,'Kasiyawan',923,88),(1876,'Rasalpur',924,89),(1877,'Jhunathi',924,89),(1878,'Lodhan Chak',925,89),(1879,'Sarta',926,89),(1880,'Lakhapur',927,89),(1881,'Surahi',928,89),(1882,'Ghejan',929,89),(1883,'Dayalpur',930,90),(1884,'Tanrwa',931,90),(1885,'Kathautiya',932,90),(1886,'Pakhanpura',933,90),(1887,'Nurpur',934,90),(1888,'Pewta',934,90),(1889,'Khapura',935,91),(1890,'Bara',936,91),(1891,'Sikariya',937,91),(1892,'Lala Chak',938,91),(1893,'Pinjora',939,91),(1894,'Firoji',940,91),(1895,'Ranipur',941,91),(1896,'Bembai',942,91),(1897,'Pachmahut',943,92),(1898,'Gulu',943,92),(1899,'Har',943,92),(1900,'Jharpa',944,92),(1901,'Bardiha',944,92),(1902,'Biduri',944,92),(1903,'Harbhog',945,92),(1904,'Lewa',945,92),(1905,'Chikta',946,92),(1906,'Parari',946,92),(1907,'Sari',947,92),(1908,'Kolhua',947,92),(1909,'Chakia',948,93),(1910,'Ikhlaspur',948,93),(1911,'Isarpura',948,93),(1912,'Jasa',949,93),(1913,'Ghurdewa',950,93),(1914,'Jigni',950,93),(1915,'Sikthi',951,93),(1916,'Bhekas',951,93),(1917,'Akhtiarpur',952,93),(1918,'Wadar',953,93),(1919,'Nokhilla',954,94),(1920,'Bhataulia',955,94),(1921,'Katkara',956,94),(1922,'Sariawan',957,94),(1923,'Harjipur',958,94),(1924,'Kharigawan',959,95),(1925,'Siur',960,95),(1926,'Masoin',961,95),(1927,'Naughara',962,95),(1928,'Kharauli',963,96),(1929,'Kauvathor',964,96),(1930,'Saukhara',965,96),(1931,'Bidesarpur',966,97),(1932,'Sonbarsa',967,97),(1933,'Kuran',968,97),(1934,'Basuhari',969,97),(1935,'Sawar',970,97),(1936,'Sadatpur',971,98),(1937,'Narwat',972,98),(1938,'Tiyara',973,98),(1939,'Muthani',973,98),(1940,'Dewaria',973,98),(1941,'Mujan',974,98),(1942,'Jonhiya',975,98),(1943,'Jitapur',976,98),(1944,'Usari',977,98),(1945,'Ghateyan',978,99),(1946,'Ghari',979,99),(1947,'Daindih',980,99),(1948,'Sakri',981,99),(1949,'Dihra',981,99),(1950,'Salthua',982,99),(1951,'Danrori',983,99),(1952,'Burahar',984,99),(1953,'Ashoga',985,100),(1954,'Kasthari',986,100),(1955,'Bhadaini',987,100),(1956,'Chipali',988,100),(1957,'Amahara',989,101),(1958,'Balgudar',990,101),(1959,'Wofapur',991,101),(1960,'Birdaban',992,101),(1961,'Jhinaura',993,101),(1962,'Patner',994,101),(1963,'Shekhopur',995,102),(1964,'Juas',996,102),(1965,'Chhabisaia',997,102),(1966,'Paharpur',998,102),(1967,'Kamarpur',999,102),(1968,'Khokhna',1000,103),(1969,'Tarhari',1001,103),(1970,'Konag',1002,103),(1971,'Mahudi',1003,103),(1972,'Partabpur',1004,103),(1973,'Sibsona',1005,103),(1974,'Aure',1006,104),(1975,'Nadiawan',1007,104),(1976,'Billo',1008,104),(1977,'Dudi',1009,104),(1978,'Nongarh',1010,104),(1979,'Sarma',1011,104),(1980,'Bakiabad',1012,104),(1981,'Gulni',1013,104),(1982,'Chak Jalil',1014,105),(1983,'Amba',1015,105),(1984,'Arma',1016,105),(1985,'Ris',1017,105),(1986,'Losghani',1018,105),(1987,'Bishunpur',1019,105),(1988,'Belaunja',1020,105),(1989,'Mohanpur',1021,106),(1990,'Walipur',1022,106),(1991,'Piparia',1023,106),(1992,'Ramchandrapur',1024,106),(1993,'Rahatpur',1025,106),(1994,'Nankar',1026,107),(1995,'Sultanpur',1026,107),(1996,'Kutlupur Diara',1027,107),(1997,'Kutlupur Bangli',1027,107),(1998,'Kamarpur',1028,107),(1999,'Surji',1028,107),(2000,'Nauagarhi',1029,107),(2001,'Jafarnagar',1030,107),(2002,'Bariarpur',1031,107),(2003,'Bahadurpur',1032,108),(2004,'Karharia',1033,108),(2005,'Bhatgawan',1033,108),(2006,'Karharia',1034,108),(2007,'Nirpur',1035,108),(2008,'Bagra',1035,108),(2009,'Mahdewa',1036,108),(2010,'Atwalpur',1037,108),(2011,'Bhawanipur',1038,109),(2012,'Sirdhar Chak',1039,109),(2013,'Lohchi',1039,109),(2014,'Lagma',1040,109),(2015,'Bhikham Chak',1040,109),(2016,'Danialpur',1041,109),(2017,'Harai Chak',1041,109),(2018,'Danialpur',1042,109),(2019,'Paharpur',1043,109),(2020,'Matadih',1043,109),(2021,'Afjupur',1044,109),(2022,'Gauripur',1044,109),(2023,'Mobarak Chak',1045,110),(2024,'Itahri',1046,110),(2025,'Halimpur',1047,110),(2026,'Hasanganj',1048,110),(2027,'Sitarampur',1049,110),(2028,'Kanakol',1050,110),(2029,'Singhia',1050,110),(2030,'Bahira',1051,111),(2031,'Lohchi',1052,111),(2032,'Khaira',1053,111),(2033,'Raunakabad',1054,111),(2034,'Rataitha',1055,111),(2035,'Danagra Chak',1056,111),(2036,'Chhata',1057,112),(2037,'Beladih',1058,112),(2038,'Bihma',1059,112),(2039,'Shahabad',1060,112),(2040,'Mohanpur',1061,112),(2041,'Rampur Bisai',1062,112),(2042,'Deoraj',1063,113),(2043,'Thara',1064,113),(2044,'Tetiha',1065,113),(2045,'Sathopur',1066,114),(2046,'Baibani',1066,114),(2047,'Chhabilapur',1067,114),(2048,'Dumrawan',1068,114),(2049,'Tiuri',1069,114),(2050,'Tungi',1070,114),(2051,'Mari',1071,115),(2052,'Janaro',1072,115),(2053,'Sehri',1073,115),(2054,'Kolhua',1074,115),(2055,'Nohsa',1075,115),(2056,'Amanwan',1076,116),(2057,'Andi',1077,116),(2058,'Firozpur',1078,116),(2059,'Woiao',1079,116),(2060,'Onda',1080,116),(2061,'Bind',1081,117),(2062,'Chhatarpur',1082,117),(2063,'Jamsari',1083,117),(2064,'Parri',1084,118),(2065,'Araut',1085,118),(2066,'Madhopur',1086,118),(2067,'Senduara',1087,118),(2068,'Kaithir',1088,118),(2069,'Sirnawan',1089,118),(2070,'Korut',1090,118),(2071,'Tarapur',1091,119),(2072,'Keshopur',1092,119),(2073,'Kosiawan',1093,119),(2074,'Rarhil',1094,119),(2075,'Raitar',1095,120),(2076,'Satauwa',1096,120),(2077,'Kandopur',1096,120),(2078,'Hariharpur',1097,121),(2079,'Barah',1098,121),(2080,'Chero',1099,121),(2081,'Murhari',1100,121),(2082,'Dehra',1100,121),(2083,'Tira',1101,121),(2084,'Ukhra',1101,121),(2085,'Alipur',1102,121),(2086,'Nobbah',1103,121),(2087,'Gartula',1104,121),(2088,'Akbarpur',1105,122),(2089,'Alipur',1106,122),(2090,'Asarhi',1107,122),(2091,'Maheshpur',1108,122),(2092,'Bhadaul',1109,122),(2093,'Sipara',1110,122),(2094,'Yarpur',1111,122),(2095,'Atma',1112,123),(2096,'Bardaha',1113,123),(2097,'Kobil',1114,123),(2098,'Panhar',1115,123),(2099,'Akuri',1116,123),(2100,'Ranipur',1117,123),(2101,'Sohjana',1118,123),(2102,'Sanda',1119,123),(2103,'Herthu',1119,123),(2104,'Kapasia',1120,123),(2105,'Rupaspur',1120,123),(2106,'Salempur',1121,124),(2107,'Abupur',1121,124),(2108,'Asia',1121,124),(2109,'Chaurasi',1122,124),(2110,'Hunrari',1122,124),(2111,'Tulsipur',1123,124),(2112,'Badi',1124,125),(2113,'Saidi',1124,125),(2114,'Katauna',1125,125),(2115,'Katri',1126,125),(2116,'Katardih',1126,125),(2117,'Koiri Bigha',1127,125),(2118,'Ariawan',1128,126),(2119,'Hayatpur',1129,126),(2120,'Muniampur',1129,126),(2121,'Bhobhi',1130,126),(2122,'Kachhiawan',1130,126),(2123,'Kurwa',1131,126),(2124,'Korari',1132,126),(2125,'Ajaipur',1133,127),(2126,'Kundi',1134,127),(2127,'Jamnapur',1135,127),(2128,'Nari',1136,127),(2129,'Nosra',1137,127),(2130,'Charuipar',1138,127),(2131,'Paparnohsa',1139,127),(2132,'Kathanpura',1140,127),(2133,'Fatehpur',1141,128),(2134,'Sinawan',1141,128),(2135,'Bisai Bigha',1142,128),(2136,'Milki',1143,128),(2137,'Tetaria',1144,129),(2138,'Bahera',1144,129),(2139,'Bhui',1145,129),(2140,'Karimpur',1146,129),(2141,'Andwas',1147,129),(2142,'Ujarpur',1148,129),(2143,'Majaitha',1149,129),(2144,'Chero',1150,130),(2145,'Kenar',1151,130),(2146,'Malawan',1152,130),(2147,'Kazi Chak',1153,130),(2148,'Singhaul',1154,130),(2149,'Balaur',1155,131),(2150,'Mahuri',1156,131),(2151,'Nanan',1157,131),(2152,'Lodipur',1158,131),(2153,'Bigha',1159,131),(2154,'Sobait',1160,131),(2155,'Amera',1161,132),(2156,'Asta',1162,132),(2157,'Salempur',1162,132),(2158,'Chhariari Buzurg',1163,132),(2159,'Tharthari',1164,132),(2160,'Kadirganj',1165,133),(2161,'Bharausa',1167,133),(2162,'Paura',1168,133),(2163,'Samai',1169,133),(2164,'Sonsihari',1170,134),(2165,'Baksanda',1171,134),(2166,'Tejmal',1172,134),(2167,'Bhumai',1173,134),(2168,'Chaparhat',1174,134),(2169,'Patangi',1175,134),(2170,'Gopalpur',1176,134),(2171,'Pithauri',1178,134),(2172,'Amahra',1179,135),(2173,'Kamalpur',1180,135),(2174,'Parsauni',1181,135),(2175,'Bajra',1182,136),(2176,'Chhatihar',1183,136),(2177,'Daulatpur',1184,136),(2178,'Bhelwa',1185,136),(2179,'Sonsa',1185,136),(2180,'Tungi',1186,136),(2181,'Manjhwe',1186,136),(2182,'Pali',1187,137),(2183,'Bhatta',1187,137),(2184,'Pojh',1188,137),(2185,'Dhota',1188,137),(2186,'Uprawan',1188,137),(2187,'Birnanwan',1188,137),(2188,'Parbati',1189,137),(2189,'Nepura',1189,137),(2190,'Sarkatti',1190,137),(2191,'Dhanpur',1190,137),(2192,'Chihutiya',1191,138),(2193,'Pharahda',1192,138),(2194,'Nawadih',1192,138),(2195,'Paharpur',1193,138),(2196,'Okhariya',1194,138),(2197,'Pali',1194,138),(2198,'Singhna',1195,138),(2199,'Sarauni',1196,138),(2200,'Sokhodewara',1197,138),(2201,'Kopin',1198,139),(2202,'Sonpura',1199,139),(2203,'Barat',1200,139),(2204,'Biju Bigha',1201,139),(2205,'Pasarhi',1202,139),(2206,'Nadgarh',1203,139),(2207,'Narhat',1204,140),(2208,'Pali Khurd',1205,140),(2209,'Punaul',1206,140),(2210,'Punthar',1207,140),(2211,'Badalpur',1208,140),(2212,'Kusha',1209,140),(2213,'Bardiha',1210,141),(2214,'Jasat',1211,141),(2215,'Kunanpur',1212,141),(2216,'Pakri Barwan',1213,141),(2217,'Pakri Barwana',1214,141),(2218,'Madhepur',1215,141),(2219,'Jalpar',1216,141),(2220,'Kumhiyatari',1217,142),(2221,'Pichhli',1217,142),(2222,'Bara',1218,142),(2223,'Pasraila',1219,142),(2224,'Usman',1220,142),(2225,'Rajauli',1221,142),(2226,'Dufera',1222,142),(2227,'Anaila',1223,143),(2228,'Katahra',1223,143),(2229,'Rupau',1224,143),(2230,'Bhikhampur',1224,143),(2231,'Wohari',1225,143),(2232,'Roh',1226,143),(2233,'Jalalpur',1227,143),(2234,'Samhri',1227,143),(2235,'Gayawali Bigha',1227,143),(2236,'Rustampur',1227,143),(2237,'Barail',1228,143),(2238,'Kazi Chak',1228,143),(2239,'Siur',1228,143),(2240,'Dumri',1229,144),(2241,'Partabpur',1230,144),(2242,'Khatangi',1231,144),(2243,'Janhaul',1232,144),(2244,'Chiraia',1233,144),(2245,'Sanrh Majhganw',1234,144),(2246,'Sirdala',1235,144),(2247,'Kendua',1236,144),(2248,'Sultanpur',1237,145),(2249,'Mohiuddinpur',1238,145),(2250,'Khanapur',1239,145),(2251,'Mahiye',1240,145),(2252,'Haibatpur',1241,145),(2253,'Bali',1242,145),(2254,'Dhaulpura',1243,146),(2255,'Fatehpur',1243,146),(2256,'Mahuli',1244,146),(2257,'Mirzapur',1244,146),(2258,'Gauharpur',1244,146),(2259,'Mirchi',1246,146),(2260,'Panapur Taufir',1247,146),(2261,'Kasara',1248,146),(2262,'Punadih',1248,146),(2263,'Sabalpur',1249,146),(2264,'Khaspur',1250,147),(2265,'Nagla',1250,147),(2266,'Alipur Bihta',1251,147),(2267,'Tarachandpur',1251,147),(2268,'Simri',1252,147),(2269,'Bariarpur',1252,147),(2270,'Dedur',1252,147),(2271,'Rupas Mahagi',1253,147),(2272,'Ghansurpur',1254,147),(2273,'Lakhipur',1254,147),(2274,'Ghangh',1255,147),(2275,'Jinatpur',1255,147),(2276,'Ghoswari',1256,147),(2277,'Hatia',1256,147),(2278,'Hardaspur',1257,147),(2279,'Ramnagar Diara',1258,147),(2280,'Mokimpur',1259,148),(2281,'Hasanpur',1259,148),(2282,'Soima',1260,148),(2283,'Birhana',1260,148),(2284,'Berhana',1261,148),(2285,'Langarpur',1262,148),(2286,'Alampur',1262,148),(2287,'Danisman',1262,148),(2288,'Bazitpur',1263,148),(2289,'Salarpur',1263,148),(2290,'Sahri',1264,148),(2291,'Anandpur',1265,149),(2292,'Dekuli',1265,149),(2293,'Gorhna',1266,149),(2294,'Bindaul',1267,149),(2295,'Taregna',1267,149),(2296,'Bazidpur',1268,149),(2297,'Ibrahimpur',1269,149),(2298,'Sadisopur',1269,149),(2299,'Bedauli',1270,149),(2300,'Ramnagar',1270,149),(2301,'Akhtiyarpur',1271,150),(2302,'Chandri',1271,150),(2303,'Arap',1272,150),(2304,'Sundarpur',1273,150),(2305,'Tari',1273,150),(2306,'Wazirpur',1274,150),(2307,'Ganghara',1275,151),(2308,'Hathiakan',1276,151),(2309,'Shankarpatti',1277,151),(2310,'Panapur',1278,151),(2311,'Sanrari',1279,151),(2312,'Dariapur',1279,151),(2313,'Piprawan',1280,152),(2314,'Walipur',1280,152),(2315,'Barhanpura',1281,152),(2316,'Pakaura',1281,152),(2317,'Barni',1282,152),(2318,'Nawasi Chak',1283,152),(2319,'Pabhera',1284,152),(2320,'Siria',1284,152),(2321,'Larha',1285,152),(2322,'Chanaki',1286,152),(2323,'Jagirdari',1287,152),(2324,'Deokali',1288,152),(2325,'Aurangpur',1288,152),(2326,'Raksia',1289,153),(2327,'Achhua',1289,153),(2328,'Bhimni Chak',1290,153),(2329,'Kasim Chak',1290,153),(2330,'Sarkuna',1291,153),(2331,'Bharbhesar',1291,153),(2332,'Nisarpura',1292,153),(2333,'Saraiya',1292,153),(2334,'Kab',1293,153),(2335,'Ular',1294,153),(2336,'Alawalpur',1295,154),(2337,'Jamalpur',1295,154),(2338,'Chamardih',1295,154),(2339,'Lashkari Chak',1296,154),(2340,'Soti Chak',1296,154),(2341,'Naraina',1297,154),(2342,'Abdalpur',1297,154),(2343,'Kasimpur',1298,154),(2344,'Bhergawan',1299,154),(2345,'Jethuli',1300,154),(2346,'Daulatpur',1301,154),(2347,'Arai Benipur',1302,155),(2348,'Aaj Rakwa',1302,155),(2349,'Baikatpur',1303,155),(2350,'Chaura',1304,155),(2351,'Malpur',1304,155),(2352,'Kohawan',1304,155),(2353,'Haibatpur',1305,155),(2354,'Nurruddinpur',1305,155),(2355,'Sadiqpur',1306,156),(2356,'Sattar',1307,156),(2357,'Sarai',1307,156),(2358,'Sherpur',1308,156),(2359,'Serpura',1309,156),(2360,'Tilhari',1310,156),(2361,'Rambad',1311,156),(2362,'Patila',1311,156),(2363,'Mahamda',1312,157),(2364,'Keota',1313,157),(2365,'Jamalpur',1314,157),(2366,'Nisiawan',1315,157),(2367,'Thalpura',1316,157),(2368,'Sanghat',1317,157),(2369,'Shahabad',1318,157),(2370,'Basaur',1319,157),(2371,'Tineri',1319,157),(2372,'Aunta',1320,158),(2373,'Auta',1320,158),(2374,'Diara Sultanpur',1321,158),(2375,'Diyara Sadikpur',1322,158),(2376,'Pachmahla',1323,158),(2377,'Janjira Diyara Dumra',1324,158),(2378,'Shivnar',1325,158),(2379,'Janjira Diyara',1325,158),(2380,'Adla',1326,159),(2381,'Charra',1327,159),(2382,'Raunian',1327,159),(2383,'Goraila',1328,159),(2384,'Panhara',1329,159),(2385,'Kopakalan',1330,159),(2386,'Goai',1331,159),(2387,'Karanja',1331,159),(2388,'Kardaha',1332,159),(2389,'Dhobiakalapur',1333,159),(2390,'Tiskhora',1334,159),(2391,'Painapur',1335,159),(2392,'Ajda',1336,160),(2393,'Thakuri',1336,160),(2394,'Korra',1337,160),(2395,'Bherharia',1338,160),(2396,'Chandhaus',1339,160),(2397,'Chiksi',1340,160),(2398,'Masaurha',1341,160),(2399,'Pearpura',1342,160),(2400,'Madaripur',1343,160),(2401,'Makbulpur',1344,160),(2402,'Karauti',1345,160),(2403,'Torni',1346,160),(2404,'Sirsikalan',1347,161),(2405,'Pitaunjia',1348,161),(2406,'Bihari Bigha',1349,161),(2407,'Chak Jalal',1350,161),(2408,'Sarhan',1351,161),(2409,'Rasalpur',1352,161),(2410,'Daudpur Jiuri',1353,161),(2411,'Chak Nuri',1354,161),(2412,'Korji',1355,162),(2413,'Chilbili',1356,162),(2414,'Khardiha',1357,162),(2415,'Alampur Gonpura',1358,162),(2416,'Koriawan',1359,162),(2417,'Alipur',1360,162),(2418,'Chipura',1361,163),(2419,'Chainpur',1361,163),(2420,'Bahuara',1361,163),(2421,'Udaini',1362,163),(2422,'Shekhpura',1362,163),(2423,'Naya Chak',1362,163),(2424,'Mokimpur',1363,163),(2425,'Kura',1363,163),(2426,'Taranpur',1363,163),(2427,'Kandap',1363,163),(2428,'Koli',1364,163),(2429,'Gauri Chak',1364,163),(2430,'Kamarji',1364,163),(2431,'Sumbha',1365,164),(2432,'Jhalkhoria',1365,164),(2433,'Bahrar',1366,164),(2434,'Khanra',1366,164),(2435,'Patia',1366,164),(2436,'Fatehpur',1367,164),(2437,'Danwarua',1367,164),(2438,'Patanwan',1367,164),(2439,'Jawarh',1368,164),(2440,'Songawan',1368,164),(2441,'Nekara',1369,164),(2442,'Neae',1369,164),(2443,'Baijla',1369,164),(2444,'Chhemuan',1370,165),(2445,'Sherpur',1370,165),(2446,'Bagha Khoh',1371,165),(2447,'Jadwa',1371,165),(2448,'Habbupur',1372,165),(2449,'Kapasia',1372,165),(2450,'Mathurapur',1373,165),(2451,'Bararhi',1374,165),(2452,'Zorawarpur',1374,165),(2453,'Barka Tenua',1375,165),(2454,'Baruna',1375,165),(2455,'Hamiradih',1376,165),(2456,'Sarawan',1376,165),(2457,'Bagen',1377,165),(2458,'Gobardhanpur',1377,165),(2459,'Tenua Khurd',1378,165),(2460,'Kaupa',1378,165),(2461,'Bhagopur',1379,166),(2462,'Raksiya',1379,166),(2463,'Dumariya',1379,166),(2464,'Bargaiyan',1380,166),(2465,'Mohni',1380,166),(2466,'Amathu',1381,166),(2467,'Morauna',1381,166),(2468,'Balha',1382,166),(2469,'Jalha',1382,166),(2470,'Bilkhoriya',1383,166),(2471,'Shiwpur',1383,166),(2472,'Karma Digar',1384,167),(2473,'Dewadihi',1384,167),(2474,'Mahasi',1385,167),(2475,'Jag Dehra',1385,167),(2476,'Nakta',1386,167),(2477,'Telari',1386,167),(2478,'Baniadih',1386,167),(2479,'Katra',1387,167),(2480,'Khadauli',1387,167),(2481,'Pakaria',1388,167),(2482,'Chaukhammha',1388,167),(2483,'Turki',1389,167),(2484,'Babhanaul',1390,168),(2485,'Bodarhi',1391,168),(2486,'Derhgaon',1392,168),(2487,'Bairia',1393,168),(2488,'Bithni',1393,168),(2489,'Semri',1394,168),(2490,'Usari',1395,168),(2491,'Maudiha',1396,169),(2492,'Chainpur',1397,169),(2493,'Bastipur',1398,169),(2494,'Gohi',1399,169),(2495,'Manaura',1400,169),(2496,'Pahleza',1401,169),(2497,'Patpura',1402,169),(2498,'Sareyan',1403,170),(2499,'Bensagar',1404,170),(2500,'Maudehra',1405,170),(2501,'Saisar',1406,170),(2502,'Kusahi',1407,170),(2503,'Karaundi',1408,170),(2504,'Tanuaj',1409,170),(2505,'Amratha',1410,171),(2506,'Samhuta',1411,171),(2507,'Bara Dih',1412,171),(2508,'Gopalpur',1413,171),(2509,'Kirhi',1414,171),(2510,'Motha',1415,171),(2511,'Duari',1416,171),(2512,'Dhorhandih',1417,171),(2513,'Sikaria',1418,171),(2514,'Sonbarsa',1419,171),(2515,'Sai',1420,172),(2516,'Lakari',1421,172),(2517,'Chitawan',1422,172),(2518,'Khairi',1423,172),(2519,'Helha',1424,172),(2520,'Reniya',1425,172),(2521,'Phuli',1426,172),(2522,'Manauli',1427,173),(2523,'Atimi',1428,173),(2524,'Dehri',1429,173),(2525,'Mauna',1430,173),(2526,'Bardiha',1431,173),(2527,'Baraicha',1432,174),(2528,'Khandaul',1433,174),(2529,'Jadunathpur',1434,174),(2530,'Tipa',1435,174),(2531,'Lohara',1436,174),(2532,'Banahi',1437,174),(2533,'Karan',1438,175),(2534,'Kusaha',1439,175),(2535,'Barawan',1440,175),(2536,'Majrarh',1441,175),(2537,'Tilai',1442,175),(2538,'Sisrit',1443,175),(2539,'Tendua',1444,175),(2540,'Dera',1444,175),(2541,'Bishanpura',1445,175),(2542,'Pararia',1446,176),(2543,'Dehri',1447,176),(2544,'Amarhi',1448,176),(2545,'Baghaila',1449,176),(2546,'Sianwak',1450,176),(2547,'Bharuhi',1451,177),(2548,'Baknaur',1451,177),(2549,'Kaskudar',1452,177),(2550,'Samahuta',1453,177),(2551,'Telkap',1454,177),(2552,'Tumba',1455,177),(2553,'Amaithi',1456,178),(2554,'Tilai',1457,178),(2555,'Chaita',1458,178),(2556,'Dighi',1459,179),(2557,'Amra',1460,179),(2558,'Basdiha',1460,179),(2559,'Ramdihra',1461,179),(2560,'Saraiya (ct)',1462,179),(2561,'Bharkhoha',1463,179),(2562,'Tilauthu',1464,179),(2563,'Pathara',1465,179),(2564,'Maldah',1466,180),(2565,'Faridpur',1466,180),(2566,'Hansauri',1467,180),(2567,'Gagari',1467,180),(2568,'Pathraita',1468,180),(2569,'Lodipur',1468,180),(2570,'Mahsar',1469,180),(2571,'Mehuns',1470,180),(2572,'Barui',1471,180),(2573,'Milki',1472,180),(2574,'Pain',1472,180),(2575,'Abgil',1473,180),(2576,'Puraina',1473,180),(2577,'Karki',1474,181),(2578,'Usari',1474,181),(2579,'Husainabad',1475,181),(2580,'Sasbahna',1476,181),(2581,'Ishapur',1476,181),(2582,'Nepura',1476,181),(2583,'Kasar',1476,181),(2584,'Sahnaura',1477,181),(2585,'Bhojdih',1477,181),(2586,'Afardih',1478,181),(2587,'Nasratpur',1479,182),(2588,'Sarba',1479,182),(2589,'Teus',1480,182),(2590,'Mane',1481,183),(2591,'Kamalgarh',1481,183),(2592,'Sijhori',1482,183),(2593,'Maheshpur',1482,183),(2594,'Ekrama',1483,183),(2595,'Rajpur',1483,183),(2596,'Bengucha',1484,183),(2597,'Asthawan',1484,183),(2598,'Lahna',1484,183),(2599,'Lohan',1485,183),(2600,'Siyani',1486,183),(2601,'Bhadausi',1487,184),(2602,'Koila',1487,184),(2603,'Gadbadia',1488,184),(2604,'Panapur',1489,184),(2605,'Mahamadpur',1489,184),(2606,'Alapur',1489,184),(2607,'Jodhan Bigha',1490,185),(2608,'Ambari',1490,185),(2609,'Chak Usman',1491,185),(2610,'Belaw',1491,185),(2611,'Asthana',1492,185),(2612,'Onama',1492,185),(2613,'Rahincha',1493,185),(2614,'Panchi',1493,185);
/*!40000 ALTER TABLE `village_ward` ENABLE KEYS */;
UNLOCK TABLES;
/*!40103 SET TIME_ZONE=@OLD_TIME_ZONE */;

/*!40101 SET SQL_MODE=@OLD_SQL_MODE */;
/*!40014 SET FOREIGN_KEY_CHECKS=@OLD_FOREIGN_KEY_CHECKS */;
/*!40014 SET UNIQUE_CHECKS=@OLD_UNIQUE_CHECKS */;
/*!40101 SET CHARACTER_SET_CLIENT=@OLD_CHARACTER_SET_CLIENT */;
/*!40101 SET CHARACTER_SET_RESULTS=@OLD_CHARACTER_SET_RESULTS */;
/*!40101 SET COLLATION_CONNECTION=@OLD_COLLATION_CONNECTION */;
/*!40111 SET SQL_NOTES=@OLD_SQL_NOTES */;

-- Dump completed on 2025-05-23 15:08:26
